config,grid,seed,initial_greed,regen_rate,collapse_threshold,recolonise_rate,world_scale,initial_agents,source_slots,verdict,extinct_tick,final_pop,min_pop,max_pop,final_sources,min_sources,greed_start,greed_end,greed_delta,total_harvest,total_collapsed,state_hash
0,economy,42,0.1,1.5,0.05,0,1,1000,2000,remnant,0,42,42,1000,2000,2000,0.100000,0.100000,0.000000,69658.340918,0,74d3378d5030f883
1,economy,43,0.1,1.5,0.05,0,1,1000,2000,remnant,0,47,45,1000,2000,2000,0.100000,0.101180,0.001180,72097.408370,0,9ed00d5c8bb99de5
2,economy,44,0.1,1.5,0.05,0,1,1000,2000,remnant,0,49,48,1000,2000,2000,0.100000,0.100148,0.000148,70748.213639,0,344672f843d0d80d
3,economy,42,0.1,1.5,0.05,2,1,1000,2000,remnant,0,42,42,1000,2000,2000,0.100000,0.100000,0.000000,69658.340918,0,648ba547b62829e0
4,economy,43,0.1,1.5,0.05,2,1,1000,2000,remnant,0,47,45,1000,2000,2000,0.100000,0.101180,0.001180,72097.408370,0,8a70c608a344e6b2
5,economy,44,0.1,1.5,0.05,2,1,1000,2000,remnant,0,49,48,1000,2000,2000,0.100000,0.100148,0.000148,70748.213639,0,c9bc17313f0fc07a
6,economy,42,0.1,1.5,0.05,10,1,1000,2000,remnant,0,42,42,1000,2000,2000,0.100000,0.100000,0.000000,69658.340918,0,d0e2469a5b323ddb
7,economy,43,0.1,1.5,0.05,10,1,1000,2000,remnant,0,47,45,1000,2000,2000,0.100000,0.101180,0.001180,72097.408370,0,359c804b13b05641
8,economy,44,0.1,1.5,0.05,10,1,1000,2000,remnant,0,49,48,1000,2000,2000,0.100000,0.100148,0.000148,70748.213639,0,169a965950359419
9,economy,42,0.1,1.5,0.05,50,1,1000,2000,remnant,0,42,42,1000,2000,2000,0.100000,0.100000,0.000000,69658.340918,0,3cf39e150eb9f62e
10,economy,43,0.1,1.5,0.05,50,1,1000,2000,remnant,0,47,45,1000,2000,2000,0.100000,0.101180,0.001180,72097.408370,0,1f33feda2a34a344
11,economy,44,0.1,1.5,0.05,50,1,1000,2000,remnant,0,49,48,1000,2000,2000,0.100000,0.100148,0.000148,70748.213639,0,01b11ae0f1070cdc
12,economy,42,0.1,1.5,0.1,0,1,1000,2000,remnant,0,43,43,1000,1991,1991,0.100000,0.100000,0.000000,68710.255283,9,bc690db777831e48
13,economy,43,0.1,1.5,0.1,0,1,1000,2000,sustained,0,51,48,1000,1982,1982,0.100000,0.098920,-0.001080,72370.862359,18,ff5a9352a6ede470
14,economy,44,0.1,1.5,0.1,0,1,1000,2000,remnant,0,42,35,1000,1989,1989,0.100000,0.099736,-0.000264,70113.400555,11,7ae70fada443887d
15,economy,42,0.1,1.5,0.1,2,1,1000,2000,remnant,0,45,37,1000,2000,2000,0.100000,0.102388,0.002388,68377.919845,9,1c22d3f73e4a22a8
16,economy,43,0.1,1.5,0.1,2,1,1000,2000,sustained,0,53,45,1000,2000,2000,0.100000,0.099304,-0.000696,73373.042239,18,4ccffd93c19c4617
17,economy,44,0.1,1.5,0.1,2,1,1000,2000,remnant,0,42,35,1000,2000,2000,0.100000,0.099736,-0.000264,70113.400555,11,d59ef1aba7c019f8
18,economy,42,0.1,1.5,0.1,10,1,1000,2000,remnant,0,45,37,1000,2000,2000,0.100000,0.102388,0.002388,68377.919845,9,c998505940d3c89a
19,economy,43,0.1,1.5,0.1,10,1,1000,2000,sustained,0,53,45,1000,2000,2000,0.100000,0.099304,-0.000696,73373.042239,18,c950ea90c9c38c7a
20,economy,44,0.1,1.5,0.1,10,1,1000,2000,remnant,0,42,35,1000,2000,2000,0.100000,0.099736,-0.000264,70113.400555,11,bcb196ba8f398293
21,economy,42,0.1,1.5,0.1,50,1,1000,2000,remnant,0,45,37,1000,2000,2000,0.100000,0.102388,0.002388,68377.919845,9,735bdef453e9bd56
22,economy,43,0.1,1.5,0.1,50,1,1000,2000,sustained,0,53,45,1000,2000,2000,0.100000,0.099304,-0.000696,73373.042239,18,4298da236ebcd3e2
23,economy,44,0.1,1.5,0.1,50,1,1000,2000,remnant,0,42,35,1000,2000,2000,0.100000,0.099736,-0.000264,70113.400555,11,c077d4e62727854e
24,economy,42,0.1,1.5,0.2,0,1,1000,2000,remnant,0,1,1,1000,988,988,0.100000,0.100000,0.000000,63754.188856,1012,8edf46c5ff3ed1f9
25,economy,43,0.1,1.5,0.2,0,1,1000,2000,remnant,0,3,2,1000,666,666,0.100000,0.095708,-0.004292,64864.529443,1334,1dce25b214e79fc4
26,economy,44,0.1,1.5,0.2,0,1,1000,2000,remnant,0,7,6,1000,930,930,0.100000,0.097205,-0.002795,65992.995228,1070,d52ffaf3eb02e0e3
27,economy,42,0.1,1.5,0.2,2,1,1000,2000,remnant,0,8,8,1000,1578,1185,0.100000,0.100000,0.000000,69357.671282,1088,83e31fb1403949bc
28,economy,43,0.1,1.5,0.2,2,1,1000,2000,remnant,0,12,8,1000,1373,963,0.100000,0.104744,0.004744,68987.066507,1293,4aae09f1a4bd3067
29,economy,44,0.1,1.5,0.2,2,1,1000,2000,remnant,0,7,6,1000,1686,1252,0.100000,0.100790,0.000790,67211.251045,980,6c130d572ba266e9
30,economy,42,0.1,1.5,0.2,10,1,1000,2000,remnant,0,12,11,1000,2000,1892,0.100000,0.100729,0.000729,72946.513870,894,80eb28e2ba59a0e7
31,economy,43,0.1,1.5,0.2,10,1,1000,2000,remnant,0,9,8,1000,2000,1743,0.100000,0.099438,-0.000562,79936.722608,1323,bef6581962c2257f
32,economy,44,0.1,1.5,0.2,10,1,1000,2000,remnant,0,22,20,1000,2000,1810,0.100000,0.099237,-0.000763,76617.729191,1023,77940a2595f2a439
33,economy,42,0.1,1.5,0.2,50,1,1000,2000,remnant,0,8,7,1000,2000,2000,0.100000,0.109090,0.009090,71902.193534,901,54edbe7c763dbd84
34,economy,43,0.1,1.5,0.2,50,1,1000,2000,remnant,0,23,19,1000,2000,2000,0.100000,0.101767,0.001767,84313.342986,1304,61bd1b21fcfdc95d
35,economy,44,0.1,1.5,0.2,50,1,1000,2000,remnant,0,12,11,1000,2000,2000,0.100000,0.097062,-0.002938,75218.272117,1046,5bc30f5b9ffe2353
36,economy,42,0.1,3,0.05,0,1,1000,2000,sustained,0,568,561,1376,2000,2000,0.100000,0.099895,-0.000105,328643.425257,0,73c7a35a8d1188eb
37,economy,43,0.1,3,0.05,0,1,1000,2000,sustained,0,627,616,1422,2000,2000,0.100000,0.099858,-0.000142,348295.776816,0,cf37f22f91204f04
38,economy,44,0.1,3,0.05,0,1,1000,2000,sustained,0,575,546,1384,2000,2000,0.100000,0.100525,0.000525,330898.756615,0,a6f0dc871b64b540
39,economy,42,0.1,3,0.05,2,1,1000,2000,sustained,0,568,561,1376,2000,2000,0.100000,0.099895,-0.000105,328643.425257,0,e3ace46c2fd6d748
40,economy,43,0.1,3,0.05,2,1,1000,2000,sustained,0,627,616,1422,2000,2000,0.100000,0.099858,-0.000142,348295.776816,0,9488fed68ccc7273
41,economy,44,0.1,3,0.05,2,1,1000,2000,sustained,0,575,546,1384,2000,2000,0.100000,0.100525,0.000525,330898.756615,0,26dc581a44450887
42,economy,42,0.1,3,0.05,10,1,1000,2000,sustained,0,568,561,1376,2000,2000,0.100000,0.099895,-0.000105,328643.425257,0,6864540cc8a32293
43,economy,43,0.1,3,0.05,10,1,1000,2000,sustained,0,627,616,1422,2000,2000,0.100000,0.099858,-0.000142,348295.776816,0,72687537788f41b0
44,economy,44,0.1,3,0.05,10,1,1000,2000,sustained,0,575,546,1384,2000,2000,0.100000,0.100525,0.000525,330898.756615,0,3a55461c5c36ecbc
45,economy,42,0.1,3,0.05,50,1,1000,2000,sustained,0,568,561,1376,2000,2000,0.100000,0.099895,-0.000105,328643.425257,0,9fa3e76db5b1a186
46,economy,43,0.1,3,0.05,50,1,1000,2000,sustained,0,627,616,1422,2000,2000,0.100000,0.099858,-0.000142,348295.776816,0,5d446348efb97f4d
47,economy,44,0.1,3,0.05,50,1,1000,2000,sustained,0,575,546,1384,2000,2000,0.100000,0.100525,0.000525,330898.756615,0,8562823476501169
48,economy,42,0.1,3,0.1,0,1,1000,2000,sustained,0,568,561,1376,2000,2000,0.100000,0.099895,-0.000105,328643.425257,0,73c7a35a8d1188eb
49,economy,43,0.1,3,0.1,0,1,1000,2000,sustained,0,627,616,1422,2000,2000,0.100000,0.099858,-0.000142,348295.776816,0,cf37f22f91204f04
50,economy,44,0.1,3,0.1,0,1,1000,2000,sustained,0,575,546,1384,2000,2000,0.100000,0.100525,0.000525,330898.756615,0,a6f0dc871b64b540
51,economy,42,0.1,3,0.1,2,1,1000,2000,sustained,0,568,561,1376,2000,2000,0.100000,0.099895,-0.000105,328643.425257,0,e3ace46c2fd6d748
52,economy,43,0.1,3,0.1,2,1,1000,2000,sustained,0,627,616,1422,2000,2000,0.100000,0.099858,-0.000142,348295.776816,0,9488fed68ccc7273
53,economy,44,0.1,3,0.1,2,1,1000,2000,sustained,0,575,546,1384,2000,2000,0.100000,0.100525,0.000525,330898.756615,0,26dc581a44450887
54,economy,42,0.1,3,0.1,10,1,1000,2000,sustained,0,568,561,1376,2000,2000,0.100000,0.099895,-0.000105,328643.425257,0,6864540cc8a32293
55,economy,43,0.1,3,0.1,10,1,1000,2000,sustained,0,627,616,1422,2000,2000,0.100000,0.099858,-0.000142,348295.776816,0,72687537788f41b0
56,economy,44,0.1,3,0.1,10,1,1000,2000,sustained,0,575,546,1384,2000,2000,0.100000,0.100525,0.000525,330898.756615,0,3a55461c5c36ecbc
57,economy,42,0.1,3,0.1,50,1,1000,2000,sustained,0,568,561,1376,2000,2000,0.100000,0.099895,-0.000105,328643.425257,0,9fa3e76db5b1a186
58,economy,43,0.1,3,0.1,50,1,1000,2000,sustained,0,627,616,1422,2000,2000,0.100000,0.099858,-0.000142,348295.776816,0,5d446348efb97f4d
59,economy,44,0.1,3,0.1,50,1,1000,2000,sustained,0,575,546,1384,2000,2000,0.100000,0.100525,0.000525,330898.756615,0,8562823476501169
60,economy,42,0.1,3,0.2,0,1,1000,2000,remnant,0,46,46,1372,594,594,0.100000,0.100000,0.000000,201247.899415,1406,790681f7d688c253
61,economy,43,0.1,3,0.2,0,1,1000,2000,remnant,0,44,42,1421,466,466,0.100000,0.096591,-0.003409,190507.328655,1534,3ea46f4d90040ad5
62,economy,44,0.1,3,0.2,0,1,1000,2000,sustained,0,75,65,1426,676,676,0.100000,0.098067,-0.001933,215193.127099,1324,e96f8b6f5533ac2d
63,economy,42,0.1,3,0.2,2,1,1000,2000,sustained,0,141,138,1371,1272,1108,0.100000,0.100180,0.000180,232413.994403,1394,f7dbd784585fddb8
64,economy,43,0.1,3,0.2,2,1,1000,2000,sustained,0,89,76,1411,958,778,0.100000,0.103061,0.003061,219136.400901,1708,2f580241b67257a5
65,economy,44,0.1,3,0.2,2,1,1000,2000,sustained,0,267,266,1429,1786,1664,0.100000,0.099813,-0.000187,278511.009651,880,6ac034dd1e79c018
66,economy,42,0.1,3,0.2,10,1,1000,2000,sustained,0,265,265,1371,2000,2000,0.100000,0.100000,-0.000000,266140.617564,1442,d6b4191a668a71b2
67,economy,43,0.1,3,0.2,10,1,1000,2000,sustained,0,298,292,1411,2000,2000,0.100000,0.099797,-0.000203,275958.088381,1949,378cf453d79817aa
68,economy,44,0.1,3,0.2,10,1,1000,2000,sustained,0,376,376,1429,2000,2000,0.100000,0.100000,0.000000,291800.037463,1194,381ccee28a52f752
69,economy,42,0.1,3,0.2,50,1,1000,2000,sustained,0,265,265,1371,2000,2000,0.100000,0.100000,-0.000000,266140.617564,1442,654a973cfef1ecca
70,economy,43,0.1,3,0.2,50,1,1000,2000,sustained,0,298,292,1411,2000,2000,0.100000,0.099797,-0.000203,275958.088381,1949,1fead68da42cf876
71,economy,44,0.1,3,0.2,50,1,1000,2000,sustained,0,376,376,1429,2000,2000,0.100000,0.100000,0.000000,291800.037463,1194,39ee4c931f6e10cd
72,economy,42,0.1,6,0.05,0,1,1000,2000,sustained,0,2015,963,2456,2000,2000,0.100000,0.105405,0.005405,899075.163221,0,138419f62ffe98c0
73,economy,43,0.1,6,0.05,0,1,1000,2000,sustained,0,2079,974,2515,2000,2000,0.100000,0.105742,0.005742,917918.661736,0,1e2d950f87c08a11
74,economy,44,0.1,6,0.05,0,1,1000,2000,sustained,0,2066,974,2458,2000,2000,0.100000,0.106579,0.006579,906368.095995,0,0a310c4b6e69666e
75,economy,42,0.1,6,0.05,2,1,1000,2000,sustained,0,2015,963,2456,2000,2000,0.100000,0.105405,0.005405,899075.163221,0,ed5a958473c36a07
76,economy,43,0.1,6,0.05,2,1,1000,2000,sustained,0,2079,974,2515,2000,2000,0.100000,0.105742,0.005742,917918.661736,0,dea1b3c49b6c7f56
77,economy,44,0.1,6,0.05,2,1,1000,2000,sustained,0,2066,974,2458,2000,2000,0.100000,0.106579,0.006579,906368.095995,0,3fe54142d47ea925
78,economy,42,0.1,6,0.05,10,1,1000,2000,sustained,0,2015,963,2456,2000,2000,0.100000,0.105405,0.005405,899075.163221,0,0e6204b7e5d71c3c
79,economy,43,0.1,6,0.05,10,1,1000,2000,sustained,0,2079,974,2515,2000,2000,0.100000,0.105742,0.005742,917918.661736,0,ccbff607e8d23d9d
80,economy,44,0.1,6,0.05,10,1,1000,2000,sustained,0,2066,974,2458,2000,2000,0.100000,0.106579,0.006579,906368.095995,0,2d50b998ab1fd91e
81,economy,42,0.1,6,0.05,50,1,1000,2000,sustained,0,2015,963,2456,2000,2000,0.100000,0.105405,0.005405,899075.163221,0,f66ff4e050659be9
82,economy,43,0.1,6,0.05,50,1,1000,2000,sustained,0,2079,974,2515,2000,2000,0.100000,0.105742,0.005742,917918.661736,0,7aebe7e734ad67b0
83,economy,44,0.1,6,0.05,50,1,1000,2000,sustained,0,2066,974,2458,2000,2000,0.100000,0.106579,0.006579,906368.095995,0,cffdd4228908445b
84,economy,42,0.1,6,0.1,0,1,1000,2000,sustained,0,2015,963,2456,2000,2000,0.100000,0.105405,0.005405,899075.163221,0,138419f62ffe98c0
85,economy,43,0.1,6,0.1,0,1,1000,2000,sustained,0,2111,974,2523,1998,1998,0.100000,0.105705,0.005705,921581.123306,2,96c449a97b6e3675
86,economy,44,0.1,6,0.1,0,1,1000,2000,sustained,0,2088,974,2458,1991,1991,0.100000,0.107429,0.007429,917291.938729,9,ed7db37b57059187
87,economy,42,0.1,6,0.1,2,1,1000,2000,sustained,0,2015,963,2456,2000,2000,0.100000,0.105405,0.005405,899075.163221,0,ed5a958473c36a07
88,economy,43,0.1,6,0.1,2,1,1000,2000,sustained,0,2111,974,2523,2000,2000,0.100000,0.105705,0.005705,921581.123306,2,373a903d73a8b880
89,economy,44,0.1,6,0.1,2,1,1000,2000,sustained,0,2088,974,2458,2000,2000,0.100000,0.107429,0.007429,917291.938729,9,57b6115feda2b398
90,economy,42,0.1,6,0.1,10,1,1000,2000,sustained,0,2015,963,2456,2000,2000,0.100000,0.105405,0.005405,899075.163221,0,0e6204b7e5d71c3c
91,economy,43,0.1,6,0.1,10,1,1000,2000,sustained,0,2111,974,2523,2000,2000,0.100000,0.105705,0.005705,921581.123306,2,87d4382e1d5f3305
92,economy,44,0.1,6,0.1,10,1,1000,2000,sustained,0,2088,974,2458,2000,2000,0.100000,0.107429,0.007429,917291.938729,9,9d88b66677fa36ab
93,economy,42,0.1,6,0.1,50,1,1000,2000,sustained,0,2015,963,2456,2000,2000,0.100000,0.105405,0.005405,899075.163221,0,f66ff4e050659be9
94,economy,43,0.1,6,0.1,50,1,1000,2000,sustained,0,2111,974,2523,2000,2000,0.100000,0.105705,0.005705,921581.123306,2,ea2c07fa0955b3c0
95,economy,44,0.1,6,0.1,50,1,1000,2000,sustained,0,2088,974,2458,2000,2000,0.100000,0.107429,0.007429,917291.938729,9,061f139cccdc2239
96,economy,42,0.1,6,0.2,0,1,1000,2000,resource-collapse,0,41,37,2466,186,186,0.100000,0.101171,0.001171,234293.934516,1814,ba757a614f1d3cd9
97,economy,43,0.1,6,0.2,0,1,1000,2000,resource-collapse,0,58,41,2510,165,165,0.100000,0.095476,-0.004524,242683.467750,1835,95baffea93bda156
98,economy,44,0.1,6,0.2,0,1,1000,2000,remnant,0,25,18,2468,207,207,0.100000,0.096304,-0.003696,218241.352370,1793,bbb19fd775d731c8
99,economy,42,0.1,6,0.2,2,1,1000,2000,sustained,0,68,59,2466,631,216,0.100000,0.100364,0.000364,250179.807054,2035,ce06d281e0f1ce79
100,economy,43,0.1,6,0.2,2,1,1000,2000,sustained,0,55,48,2517,613,188,0.100000,0.100113,0.000113,235283.452507,2053,3480681be72408e9
101,economy,44,0.1,6,0.2,2,1,1000,2000,sustained,0,73,63,2468,658,246,0.100000,0.103243,0.003243,244723.205755,2008,83f853411e63116b
102,economy,42,0.1,6,0.2,10,1,1000,2000,sustained,0,218,168,2466,2000,395,0.100000,0.099687,-0.000313,316263.475341,2975,511c0ec40ecaa29b
103,economy,43,0.1,6,0.2,10,1,1000,2000,sustained,0,208,159,2517,2000,303,0.100000,0.100352,0.000352,305022.023247,2999,ddc2860b047aff7f
104,economy,44,0.1,6,0.2,10,1,1000,2000,sustained,0,268,234,2468,2000,381,0.100000,0.099471,-0.000529,329784.101910,3021,98d79b8814ebe848
105,economy,42,0.1,6,0.2,50,1,1000,2000,sustained,0,1116,570,4635,2000,152,0.100000,0.105212,0.005212,848173.452332,15184,8d391d5ac026445d
106,economy,43,0.1,6,0.2,50,1,1000,2000,sustained,0,1391,617,4347,2000,205,0.100000,0.104868,0.004868,777198.461249,13042,9029d3d4a0440bf6
107,economy,44,0.1,6,0.2,50,1,1000,2000,sustained,0,1131,566,4426,2000,198,0.100000,0.105976,0.005976,792758.184007,14073,d40006f669ab2ddb
108,economy,42,0.15,1.5,0.05,0,1,1000,2000,remnant,0,34,29,1000,1991,1991,0.150000,0.149630,-0.000370,66588.583287,9,0eea50962e19687b
109,economy,43,0.15,1.5,0.05,0,1,1000,2000,sustained,0,52,51,1000,1974,1974,0.150000,0.149847,-0.000153,73007.863661,26,838a93806af65db8
110,economy,44,0.15,1.5,0.05,0,1,1000,2000,sustained,0,52,48,1000,1989,1989,0.150000,0.150237,0.000237,71345.030498,11,f06763c3161284c9
111,economy,42,0.15,1.5,0.05,2,1,1000,2000,remnant,0,34,29,1000,2000,2000,0.150000,0.149630,-0.000370,66588.583287,9,f976d3a0dd47f76d
112,economy,43,0.15,1.5,0.05,2,1,1000,2000,sustained,0,52,51,1000,2000,2000,0.150000,0.149847,-0.000153,73007.863661,26,c8d4ead0314bd0af
113,economy,44,0.15,1.5,0.05,2,1,1000,2000,remnant,0,41,40,1000,2000,2000,0.150000,0.148916,-0.001084,70539.990423,14,de6eaf41c7e41881
114,economy,42,0.15,1.5,0.05,10,1,1000,2000,remnant,0,34,29,1000,2000,2000,0.150000,0.149630,-0.000370,66588.583287,9,10c7ddaadb2de45c
115,economy,43,0.15,1.5,0.05,10,1,1000,2000,sustained,0,52,51,1000,2000,2000,0.150000,0.149847,-0.000153,73007.863661,26,cb32610c0e02504f
116,economy,44,0.15,1.5,0.05,10,1,1000,2000,remnant,0,41,40,1000,2000,2000,0.150000,0.148916,-0.001084,70539.990423,14,b17814b59f61d0ba
117,economy,42,0.15,1.5,0.05,50,1,1000,2000,remnant,0,34,29,1000,2000,2000,0.150000,0.149630,-0.000370,66588.583287,9,bde8c8fd429364d8
118,economy,43,0.15,1.5,0.05,50,1,1000,2000,sustained,0,52,51,1000,2000,2000,0.150000,0.149847,-0.000153,73007.863661,26,8978725bdfcc6454
119,economy,44,0.15,1.5,0.05,50,1,1000,2000,remnant,0,41,40,1000,2000,2000,0.150000,0.148916,-0.001084,70539.990423,14,014a02f613cb6430
120,economy,42,0.15,1.5,0.1,0,1,1000,2000,remnant,0,1,1,1000,376,376,0.150000,0.150000,-0.000000,65661.580721,1624,f858317bc42ed561
121,economy,43,0.15,1.5,0.1,0,1,1000,2000,remnant,0,4,2,1000,286,286,0.150000,0.147891,-0.002109,67769.169639,1714,7f346fee389bd921
122,economy,44,0.15,1.5,0.1,0,1,1000,2000,remnant,0,1,1,1000,385,385,0.150000,0.150000,-0.000000,65815.123255,1615,a55f61d99d8870f7
123,economy,42,0.15,1.5,0.1,2,1,1000,2000,extinct,16550,0,0,1000,921,469,0.150000,0.000000,-0.150000,69082.612502,1745,7992e435473a1db9
124,economy,43,0.15,1.5,0.1,2,1,1000,2000,remnant,0,3,2,1000,900,458,0.150000,0.161673,0.011673,71244.354864,1766,499ffc91161d6404
125,economy,44,0.15,1.5,0.1,2,1,1000,2000,remnant,0,1,1,1000,1028,578,0.150000,0.150000,-0.000000,67918.501147,1638,a832a995bcc4fa7a
126,economy,42,0.15,1.5,0.1,10,1,1000,2000,remnant,0,11,11,1000,2000,1229,0.150000,0.150000,-0.000000,93888.730564,2083,dcf1bf83dc64f4bb
127,economy,43,0.15,1.5,0.1,10,1,1000,2000,remnant,0,8,8,1007,2000,958,0.150000,0.150000,-0.000000,95086.492708,2313,ac9be3046bd6df40
128,economy,44,0.15,1.5,0.1,10,1,1000,2000,remnant,0,10,10,1000,2000,1249,0.150000,0.150000,-0.000000,94195.192716,2059,3853043c9a291929
129,economy,42,0.15,1.5,0.1,50,1,1000,2000,remnant,0,33,30,1000,2000,2000,0.150000,0.147403,-0.002597,125596.568479,2812,51979ce5a3b0f78e
130,economy,43,0.15,1.5,0.1,50,1,1000,2000,remnant,0,23,23,1007,2000,2000,0.150000,0.150000,-0.000000,130951.614739,2895,87aacdd83e3e14fd
131,economy,44,0.15,1.5,0.1,50,1,1000,2000,remnant,0,26,24,1000,2000,2000,0.150000,0.147591,-0.002409,122709.869930,2657,ad28935bc34abe50
132,economy,42,0.15,1.5,0.2,0,1,1000,2000,extinct,10863,0,0,1112,173,173,0.150000,0.000000,-0.150000,49299.539640,1827,3e0630af512fe059
133,economy,43,0.15,1.5,0.2,0,1,1000,2000,extinct,8379,0,0,1163,162,162,0.150000,0.000000,-0.150000,48809.343761,1838,cd5df4949dd09eb1
134,economy,44,0.15,1.5,0.2,0,1,1000,2000,extinct,8413,0,0,1138,185,185,0.150000,0.000000,-0.150000,47574.978869,1815,b8eb6b5e58f649cd
135,economy,42,0.15,1.5,0.2,2,1,1000,2000,extinct,7180,0,0,1119,763,241,0.150000,0.000000,-0.150000,50872.618643,1903,3f9386b8dfb0f3ce
136,economy,43,0.15,1.5,0.2,2,1,1000,2000,extinct,8563,0,0,1154,689,179,0.150000,0.000000,-0.150000,51346.026742,1977,05008814aa0da51a
137,economy,44,0.15,1.5,0.2,2,1,1000,2000,extinct,11629,0,0,1134,734,246,0.150000,0.000000,-0.150000,49971.642223,1932,5196d9617ddc763a
138,economy,42,0.15,1.5,0.2,10,1,1000,2000,remnant,0,10,5,1149,2000,428,0.150000,0.171514,0.021514,61887.824864,2362,9fbb83dc53a031cb
139,economy,43,0.15,1.5,0.2,10,1,1000,2000,extinct,17333,0,0,1173,2000,385,0.150000,0.000000,-0.150000,59399.285902,2330,e7e54e730fe30f08
140,economy,44,0.15,1.5,0.2,10,1,1000,2000,extinct,17408,0,0,1147,2000,397,0.150000,0.000000,-0.150000,58388.954527,2313,395638e4712ace72
141,economy,42,0.15,1.5,0.2,50,1,1000,2000,sustained,0,663,605,1301,932,852,0.150000,0.150584,0.000584,367789.288023,17734,5030023b76761184
142,economy,43,0.15,1.5,0.2,50,1,1000,2000,sustained,0,653,630,1353,1118,854,0.150000,0.149880,-0.000120,356057.058052,17548,2c8b2002c1bbad44
143,economy,44,0.15,1.5,0.2,50,1,1000,2000,sustained,0,692,603,1296,1042,1000,0.150000,0.149604,-0.000396,359495.334557,17624,b04b33e70a69ca75
144,economy,42,0.15,3,0.05,0,1,1000,2000,sustained,0,629,612,1455,2000,2000,0.150000,0.149648,-0.000352,373674.974911,0,18448001dd1e6dee
145,economy,43,0.15,3,0.05,0,1,1000,2000,sustained,0,616,599,1511,2000,2000,0.150000,0.149820,-0.000180,364145.255021,0,e3d53b69212d680b
146,economy,44,0.15,3,0.05,0,1,1000,2000,sustained,0,628,620,1473,2000,2000,0.150000,0.150093,0.000093,367168.701089,0,c6ffdf9bd8e1e093
147,economy,42,0.15,3,0.05,2,1,1000,2000,sustained,0,629,612,1455,2000,2000,0.150000,0.149648,-0.000352,373674.974911,0,a117b4f45851dca5
148,economy,43,0.15,3,0.05,2,1,1000,2000,sustained,0,616,599,1511,2000,2000,0.150000,0.149820,-0.000180,364145.255021,0,04db8ec07b83e868
149,economy,44,0.15,3,0.05,2,1,1000,2000,sustained,0,628,620,1473,2000,2000,0.150000,0.150093,0.000093,367168.701089,0,c1b815e5f867abf0
150,economy,42,0.15,3,0.05,10,1,1000,2000,sustained,0,629,612,1455,2000,2000,0.150000,0.149648,-0.000352,373674.974911,0,9c7a56f32cbb449e
151,economy,43,0.15,3,0.05,10,1,1000,2000,sustained,0,616,599,1511,2000,2000,0.150000,0.149820,-0.000180,364145.255021,0,de3f62ea0fef9773
152,economy,44,0.15,3,0.05,10,1,1000,2000,sustained,0,628,620,1473,2000,2000,0.150000,0.150093,0.000093,367168.701089,0,e6c96f24c653540b
153,economy,42,0.15,3,0.05,50,1,1000,2000,sustained,0,629,612,1455,2000,2000,0.150000,0.149648,-0.000352,373674.974911,0,6a5cce4df91faedb
154,economy,43,0.15,3,0.05,50,1,1000,2000,sustained,0,616,599,1511,2000,2000,0.150000,0.149820,-0.000180,364145.255021,0,10fa3263ea4695a6
155,economy,44,0.15,3,0.05,50,1,1000,2000,sustained,0,628,620,1473,2000,2000,0.150000,0.150093,0.000093,367168.701089,0,153be2b00ab9203e
156,economy,42,0.15,3,0.1,0,1,1000,2000,sustained,0,410,399,1439,1470,1470,0.150000,0.150499,0.000499,318323.296920,530,5d18d6beb2d6a498
157,economy,43,0.15,3,0.1,0,1,1000,2000,remnant,0,45,44,1508,482,482,0.150000,0.150482,0.000482,250577.274968,1518,2f325cc01eef5d84
158,economy,44,0.15,3,0.1,0,1,1000,2000,remnant,0,39,35,1475,431,431,0.150000,0.151236,0.001236,243430.609075,1569,f3d1abd94b41cafd
159,economy,42,0.15,3,0.1,2,1,1000,2000,sustained,0,434,434,1439,2000,2000,0.150000,0.150000,-0.000000,327536.315700,534,b80b27f20508dd46
160,economy,43,0.15,3,0.1,2,1,1000,2000,sustained,0,468,465,1501,1962,1906,0.150000,0.150047,0.000047,330637.188359,704,7dc8d80f6781b24b
161,economy,44,0.15,3,0.1,2,1,1000,2000,sustained,0,433,433,1473,1949,1949,0.150000,0.150000,-0.000000,338002.137850,717,de9b98b10d5cabd2
162,economy,42,0.15,3,0.1,10,1,1000,2000,sustained,0,434,434,1439,2000,2000,0.150000,0.150000,-0.000000,327536.315700,534,f14459f80d73c924
163,economy,43,0.15,3,0.1,10,1,1000,2000,sustained,0,481,473,1501,2000,2000,0.150000,0.150041,0.000041,333328.465693,606,eb5e2b00db71c7cb
164,economy,44,0.15,3,0.1,10,1,1000,2000,sustained,0,445,445,1473,2000,2000,0.150000,0.150000,-0.000000,338540.429042,681,a29a8d18ed81e25f
165,economy,42,0.15,3,0.1,50,1,1000,2000,sustained,0,434,434,1439,2000,2000,0.150000,0.150000,-0.000000,327536.315700,534,93f171df96533611
166,economy,43,0.15,3,0.1,50,1,1000,2000,sustained,0,481,473,1501,2000,2000,0.150000,0.150041,0.000041,333328.465693,606,fbad12560a8fcd57
167,economy,44,0.15,3,0.1,50,1,1000,2000,sustained,0,445,445,1473,2000,2000,0.150000,0.150000,-0.000000,338540.429042,681,05273fffae4ba2b3
168,economy,42,0.15,3,0.2,0,1,1000,2000,resource-collapse,0,1,1,1438,120,120,0.150000,0.150000,-0.000000,68219.203300,1880,21957d232753fc94
169,economy,43,0.15,3,0.2,0,1,1000,2000,resource-collapse,0,1,1,1457,157,157,0.150000,0.150000,-0.000000,66168.245049,1843,3c5301dec0aebd16
170,economy,44,0.15,3,0.2,0,1,1000,2000,extinct,8839,0,0,1381,132,132,0.150000,0.000000,-0.150000,63582.667045,1868,3a00ab456d219370
171,economy,42,0.15,3,0.2,2,1,1000,2000,remnant,0,2,1,1450,682,153,0.150000,0.156127,0.006127,71480.344944,1984,b942c3afae24b980
172,economy,43,0.15,3,0.2,2,1,1000,2000,remnant,0,2,1,1465,675,174,0.150000,0.135432,-0.014568,70108.419968,1991,a60fe8815090c608
173,economy,44,0.15,3,0.2,2,1,1000,2000,extinct,7447,0,0,1375,704,187,0.150000,0.000000,-0.150000,65367.966302,1962,0536ef9ed13a2327
174,economy,42,0.15,3,0.2,10,1,1000,2000,sustained,0,92,38,1483,2000,337,0.150000,0.154015,0.004015,100243.427435,2652,47d3103db5649d42
175,economy,43,0.15,3,0.2,10,1,1000,2000,remnant,0,20,16,1529,2000,275,0.150000,0.154400,0.004400,87900.174320,2500,942c331fd62e06e3
176,economy,44,0.15,3,0.2,10,1,1000,2000,remnant,0,38,24,1431,2000,354,0.150000,0.153632,0.003632,87793.688012,2483,c68cc254199c370d
177,economy,42,0.15,3,0.2,50,1,1000,2000,sustained,0,943,652,1945,944,618,0.150000,0.149712,-0.000288,429056.068355,17722,6bcdfaaf557861c0
178,economy,43,0.15,3,0.2,50,1,1000,2000,sustained,0,841,669,1941,735,690,0.150000,0.150564,0.000564,427660.225204,17931,3a5b605559178173
179,economy,44,0.15,3,0.2,50,1,1000,2000,sustained,0,995,678,1892,806,602,0.150000,0.150367,0.000367,427727.019645,17860,126f01e474029ccd
180,economy,42,0.15,6,0.05,0,1,1000,2000,sustained,0,2201,995,2754,2000,2000,0.150000,0.153457,0.003457,1042480.345242,0,4ea2ab0d2a8584f3
181,economy,43,0.15,6,0.05,0,1,1000,2000,sustained,0,2331,996,2815,1999,1999,0.150000,0.151782,0.001782,1059717.142398,1,895f65aea8e490de
182,economy,44,0.15,6,0.05,0,1,1000,2000,sustained,0,2205,994,2738,2000,2000,0.150000,0.152193,0.002193,1021782.966358,0,b6bb43a885a340f1
183,economy,42,0.15,6,0.05,2,1,1000,2000,sustained,0,2201,995,2754,2000,2000,0.150000,0.153457,0.003457,1042480.345242,0,fc8a47d8f2470a50
184,economy,43,0.15,6,0.05,2,1,1000,2000,sustained,0,2331,996,2815,2000,2000,0.150000,0.151782,0.001782,1059717.142398,1,d359ce3171e6a873
185,economy,44,0.15,6,0.05,2,1,1000,2000,sustained,0,2205,994,2738,2000,2000,0.150000,0.152193,0.002193,1021782.966358,0,befb7bd48f4f29b6
186,economy,42,0.15,6,0.05,10,1,1000,2000,sustained,0,2201,995,2754,2000,2000,0.150000,0.153457,0.003457,1042480.345242,0,1fc0adc6d188bc2b
187,economy,43,0.15,6,0.05,10,1,1000,2000,sustained,0,2331,996,2815,2000,2000,0.150000,0.151782,0.001782,1059717.142398,1,1f215652ada0f3b7
188,economy,44,0.15,6,0.05,10,1,1000,2000,sustained,0,2205,994,2738,2000,2000,0.150000,0.152193,0.002193,1021782.966358,0,6523c870992634bd
189,economy,42,0.15,6,0.05,50,1,1000,2000,sustained,0,2201,995,2754,2000,2000,0.150000,0.153457,0.003457,1042480.345242,0,142836d5ef9c379e
190,economy,43,0.15,6,0.05,50,1,1000,2000,sustained,0,2331,996,2815,2000,2000,0.150000,0.151782,0.001782,1059717.142398,1,65b41b5f06101a6d
191,economy,44,0.15,6,0.05,50,1,1000,2000,sustained,0,2205,994,2738,2000,2000,0.150000,0.152193,0.002193,1021782.966358,0,d46e668d282c4010
192,economy,42,0.15,6,0.1,0,1,1000,2000,resource-collapse,0,25,19,2764,167,167,0.150000,0.152805,0.002805,459149.524416,1833,5afa2649916eec63
193,economy,43,0.15,6,0.1,0,1,1000,2000,resource-collapse,0,23,20,2834,103,103,0.150000,0.147283,-0.002717,506637.353623,1897,72d357100cbac963
194,economy,44,0.15,6,0.1,0,1,1000,2000,resource-collapse,0,7,6,2757,130,130,0.150000,0.154865,0.004865,475632.407355,1870,0bf67edb40444378
195,economy,42,0.15,6,0.1,2,1,1000,2000,sustained,0,64,48,2764,388,179,0.150000,0.151149,0.001149,578511.589882,2278,949fa664fa894e63
196,economy,43,0.15,6,0.1,2,1,1000,2000,remnant,0,41,34,2834,396,199,0.150000,0.148905,-0.001095,573442.959323,2270,88a5578f52b949ca
197,economy,44,0.15,6,0.1,2,1,1000,2000,remnant,0,34,32,2757,350,165,0.150000,0.148113,-0.001887,590257.028202,2316,f434a1d70db7f337
198,economy,42,0.15,6,0.1,10,1,1000,2000,sustained,0,156,132,2764,736,231,0.150000,0.150825,0.000825,747095.803903,4597,df8a4ddc2a2fe0e5
199,economy,43,0.15,6,0.1,10,1,1000,2000,sustained,0,133,97,2834,651,219,0.150000,0.155083,0.005083,766645.542059,4682,f6b1fd9a0553ef6c
200,economy,44,0.15,6,0.1,10,1,1000,2000,sustained,0,77,76,2757,514,200,0.150000,0.150452,0.000452,803842.136025,4819,0b25f9b393a37cc7
201,economy,42,0.15,6,0.1,50,1,1000,2000,sustained,0,7619,995,7621,2000,2000,0.150000,0.157299,0.007299,1250384.407471,16622,66dee6a34ac463bd
202,economy,43,0.15,6,0.1,50,1,1000,2000,sustained,0,7516,996,7516,2000,2000,0.150000,0.156450,0.006450,1245292.644170,15858,140fc1b5306e3778
203,economy,44,0.15,6,0.1,50,1,1000,2000,sustained,0,6079,994,6079,2000,2000,0.150000,0.153807,0.003807,1158321.373044,12267,f52c3834557e75e5
204,economy,42,0.15,6,0.2,0,1,1000,2000,extinct,7664,0,0,2435,88,88,0.150000,0.000000,-0.150000,117774.621759,1912,5e45cd63d2978eb8
205,economy,43,0.15,6,0.2,0,1,1000,2000,extinct,16621,0,0,2393,85,85,0.150000,0.000000,-0.150000,113428.652162,1915,e6e247393c8782ae
206,economy,44,0.15,6,0.2,0,1,1000,2000,resource-collapse,0,7,4,2348,102,102,0.150000,0.149581,-0.000419,114199.605170,1898,1d3501b807388b29
207,economy,42,0.15,6,0.2,2,1,1000,2000,extinct,9908,0,0,2444,645,131,0.150000,0.000000,-0.150000,118139.795041,2021,032389e4233b6f30
208,economy,43,0.15,6,0.2,2,1,1000,2000,remnant,0,4,2,2367,620,118,0.150000,0.167695,0.017695,114837.597352,2046,53c249e1ed3dd15b
209,economy,44,0.15,6,0.2,2,1,1000,2000,extinct,15450,0,0,2482,663,158,0.150000,0.000000,-0.150000,122040.441545,2003,52ae5e6436faffcc
210,economy,42,0.15,6,0.2,10,1,1000,2000,sustained,0,322,79,2508,1264,234,0.150000,0.164008,0.014008,199474.351754,4069,b6888a4f2ff04b18
211,economy,43,0.15,6,0.2,10,1,1000,2000,sustained,0,415,103,2486,1423,279,0.150000,0.156665,0.006665,194346.581534,3910,1a4fc6ab2b86a61c
212,economy,44,0.15,6,0.2,10,1,1000,2000,sustained,0,513,59,2569,1428,258,0.150000,0.154315,0.004315,201999.371301,3905,5afda77fd10034da
213,economy,42,0.15,6,0.2,50,1,1000,2000,sustained,0,1066,760,2958,584,411,0.150000,0.149735,-0.000265,537351.883196,18082,264e90272d38c7ed
214,economy,43,0.15,6,0.2,50,1,1000,2000,sustained,0,1128,731,2989,526,405,0.150000,0.150153,0.000153,534303.769582,18140,964516aac1a4e83b
215,economy,44,0.15,6,0.2,50,1,1000,2000,sustained,0,1138,795,3037,481,414,0.150000,0.151360,0.001360,539695.589982,18185,00d778e9ef45f875
216,economy,42,0.25,1.5,0.05,0,1,1000,2000,extinct,8230,0,0,1256,178,178,0.250000,0.000000,-0.250000,56428.105288,1822,088b628ddb086e9a
217,economy,43,0.25,1.5,0.05,0,1,1000,2000,resource-collapse,0,2,1,1283,147,147,0.250000,0.257279,0.007279,56636.515436,1853,49201f7979a35744
218,economy,44,0.25,1.5,0.05,0,1,1000,2000,extinct,7193,0,0,1227,161,161,0.250000,0.000000,-0.250000,55832.723646,1839,5b7391b1dcd8d7bd
219,economy,42,0.25,1.5,0.05,2,1,1000,2000,extinct,8865,0,0,1264,758,234,0.250000,0.000000,-0.250000,58207.339111,1908,90b7b2cfc30ddb32
220,economy,43,0.25,1.5,0.05,2,1,1000,2000,extinct,16363,0,0,1298,698,186,0.250000,0.000000,-0.250000,59265.211323,1968,816e64064010a668
221,economy,44,0.25,1.5,0.05,2,1,1000,2000,extinct,7755,0,0,1230,760,257,0.250000,0.000000,-0.250000,57715.461312,1906,ee600731c594b558
222,economy,42,0.25,1.5,0.05,10,1,1000,2000,extinct,11770,0,0,1280,2000,434,0.250000,0.000000,-0.250000,70098.933377,2317,735164ee6d049237
223,economy,43,0.25,1.5,0.05,10,1,1000,2000,remnant,0,1,1,1317,2000,340,0.250000,0.250000,0.000000,70303.223850,2374,5af5ef19ac9248eb
224,economy,44,0.25,1.5,0.05,10,1,1000,2000,extinct,9429,0,0,1251,2000,395,0.250000,0.000000,-0.250000,68145.215629,2347,0e8b23ac94199302
225,economy,42,0.25,1.5,0.05,50,1,1000,2000,sustained,0,1031,640,1612,1012,629,0.250000,0.248837,-0.001163,418322.171543,17654,6c9d2dd3e5b4ce46
226,economy,43,0.25,1.5,0.05,50,1,1000,2000,sustained,0,840,767,1726,813,756,0.250000,0.249423,-0.000577,415658.323067,17853,a35a17d57af4d9cf
227,economy,44,0.25,1.5,0.05,50,1,1000,2000,sustained,0,872,715,1615,857,728,0.250000,0.250185,0.000185,416905.919572,17809,a3b92ea0ab77760f
228,economy,42,0.25,1.5,0.1,0,1,1000,2000,extinct,7933,0,0,1376,145,145,0.250000,0.000000,-0.250000,49201.688235,1855,4024899c71cc4e3b
229,economy,43,0.25,1.5,0.1,0,1,1000,2000,extinct,6152,0,0,1402,129,129,0.250000,0.000000,-0.250000,49273.234176,1871,00d1b05f686182ea
230,economy,44,0.25,1.5,0.1,0,1,1000,2000,extinct,8096,0,0,1348,164,164,0.250000,0.000000,-0.250000,48254.084098,1836,b4d23e476c331812
231,economy,42,0.25,1.5,0.1,2,1,1000,2000,extinct,12383,0,0,1369,746,215,0.250000,0.000000,-0.250000,50602.122824,1920,393e3c77d7c452a0
232,economy,43,0.25,1.5,0.1,2,1,1000,2000,extinct,6607,0,0,1404,735,198,0.250000,0.000000,-0.250000,50476.238010,1931,2764f5b037d6bf45
233,economy,44,0.25,1.5,0.1,2,1,1000,2000,extinct,6443,0,0,1345,719,205,0.250000,0.000000,-0.250000,50838.960147,1947,204b11d23a34df0b
234,economy,42,0.25,1.5,0.1,10,1,1000,2000,extinct,19511,0,0,1390,2000,308,0.250000,0.000000,-0.250000,60844.865320,2381,8b5762ed8afada73
235,economy,43,0.25,1.5,0.1,10,1,1000,2000,extinct,14099,0,0,1433,2000,266,0.250000,0.000000,-0.250000,60213.335134,2375,b61b0d7f5eb7e852
236,economy,44,0.25,1.5,0.1,10,1,1000,2000,remnant,0,1,1,1369,2000,358,0.250000,0.250000,0.000000,59040.700444,2303,0adef4e93087cf6f
237,economy,42,0.25,1.5,0.1,50,1,1000,2000,sustained,0,764,563,1565,590,566,0.250000,0.250273,0.000273,379757.058739,18076,490f03c04ad5f334
238,economy,43,0.25,1.5,0.1,50,1,1000,2000,sustained,0,850,517,1596,687,624,0.250000,0.251978,0.001978,375393.174075,17979,07384c35e787290d
239,economy,44,0.25,1.5,0.1,50,1,1000,2000,sustained,0,847,667,1512,621,605,0.250000,0.249344,-0.000656,374913.562914,18045,10b9dfd11abdc145
240,economy,42,0.25,1.5,0.2,0,1,1000,2000,extinct,12267,0,0,1390,121,121,0.250000,0.000000,-0.250000,42661.026399,1879,67c68ca3eef64400
241,economy,43,0.25,1.5,0.2,0,1,1000,2000,extinct,5673,0,0,1358,123,123,0.250000,0.000000,-0.250000,42411.770609,1877,a5e2ccd4ced09685
242,economy,44,0.25,1.5,0.2,0,1,1000,2000,extinct,8188,0,0,1332,138,138,0.250000,0.000000,-0.250000,42101.501109,1862,30a6824d3527087c
243,economy,42,0.25,1.5,0.2,2,1,1000,2000,extinct,11425,0,0,1391,699,186,0.250000,0.000000,-0.250000,44295.364171,1967,009e59be8ba09f32
244,economy,43,0.25,1.5,0.2,2,1,1000,2000,extinct,8034,0,0,1359,706,149,0.250000,0.000000,-0.250000,43866.961057,1960,243323c5ce422d09
245,economy,44,0.25,1.5,0.2,2,1,1000,2000,extinct,8073,0,0,1335,703,182,0.250000,0.000000,-0.250000,43965.521446,1963,121b872d82eff00a
246,economy,42,0.25,1.5,0.2,10,1,1000,2000,extinct,17689,0,0,1380,2000,290,0.250000,0.000000,-0.250000,50082.062460,2298,2a97e76223df0a73
247,economy,43,0.25,1.5,0.2,10,1,1000,2000,extinct,15934,0,0,1371,2000,306,0.250000,0.000000,-0.250000,51402.343269,2364,454a2c36c3aa8d25
248,economy,44,0.25,1.5,0.2,10,1,1000,2000,remnant,0,22,2,1343,2000,309,0.250000,0.257403,0.007403,53470.485723,2437,6b3664de19fda644
249,economy,42,0.25,1.5,0.2,50,1,1000,2000,sustained,0,717,514,1449,731,668,0.250000,0.250062,0.000062,326627.393562,17935,2f4709dc47d45adb
250,economy,43,0.25,1.5,0.2,50,1,1000,2000,sustained,0,599,484,1462,872,638,0.250000,0.252433,0.002433,322534.172058,17794,8976d8d50672b026
251,economy,44,0.25,1.5,0.2,50,1,1000,2000,sustained,0,697,473,1401,697,672,0.250000,0.252000,0.002000,326791.586955,17969,66ccd645b925e233
252,economy,42,0.25,3,0.05,0,1,1000,2000,remnant,0,14,10,1500,305,305,0.250000,0.246612,-0.003388,123179.526847,1695,75be343ed07831a2
253,economy,43,0.25,3,0.05,0,1,1000,2000,resource-collapse,0,3,2,1569,134,134,0.250000,0.272070,0.022070,97157.154891,1866,35977166288ed731
254,economy,44,0.25,3,0.05,0,1,1000,2000,remnant,0,7,4,1557,224,224,0.250000,0.263453,0.013453,106404.818571,1776,3164764844c054c1
255,economy,42,0.25,3,0.05,2,1,1000,2000,remnant,0,14,10,1479,720,313,0.250000,0.254439,0.004439,131897.799547,1946,14d777cdb2781d9d
256,economy,43,0.25,3,0.05,2,1,1000,2000,remnant,0,5,4,1575,708,236,0.250000,0.248084,-0.001916,100363.789523,1958,fa3af2ae5b5cbe4b
257,economy,44,0.25,3,0.05,2,1,1000,2000,remnant,0,8,7,1619,667,231,0.250000,0.237887,-0.012113,113642.674079,1999,a826d732940dd610
258,economy,42,0.25,3,0.05,10,1,1000,2000,sustained,0,71,69,1553,2000,445,0.250000,0.249904,-0.000096,175522.245322,2881,350b9584286d1b30
259,economy,43,0.25,3,0.05,10,1,1000,2000,remnant,0,46,42,1703,2000,356,0.250000,0.252077,0.002077,138409.475144,2687,27cb5b7f7777d6a0
260,economy,44,0.25,3,0.05,10,1,1000,2000,sustained,0,85,67,1667,2000,472,0.250000,0.251827,0.001827,159572.419234,2693,c2c42282c427d7af
261,economy,42,0.25,3,0.05,50,1,1000,2000,sustained,0,940,661,2598,823,359,0.250000,0.249901,-0.000099,533405.079655,17843,ad28b287022206b3
262,economy,43,0.25,3,0.05,50,1,1000,2000,sustained,0,1171,738,2324,603,429,0.250000,0.248128,-0.001872,511998.283388,18063,1e790f48dd3d5e3a
263,economy,44,0.25,3,0.05,50,1,1000,2000,sustained,0,1213,679,2294,609,425,0.250000,0.251774,0.001774,529937.879683,18057,79f0b70c332161fc
264,economy,42,0.25,3,0.1,0,1,1000,2000,resource-collapse,0,2,1,1533,123,123,0.250000,0.280886,0.030886,60247.798063,1877,7483555eabebbe0a
265,economy,43,0.25,3,0.1,0,1,1000,2000,extinct,6639,0,0,1562,71,71,0.250000,0.000000,-0.250000,60378.391021,1929,b9b525c173abc0ad
266,economy,44,0.25,3,0.1,0,1,1000,2000,extinct,6674,0,0,1489,123,123,0.250000,0.000000,-0.250000,57547.517719,1877,19d393487e09325d
267,economy,42,0.25,3,0.1,2,1,1000,2000,remnant,0,1,1,1545,711,185,0.250000,0.250000,0.000000,61722.097452,1955,0c2eff0de149130d
268,economy,43,0.25,3,0.1,2,1,1000,2000,extinct,16010,0,0,1577,698,170,0.250000,0.000000,-0.250000,62091.560254,1968,58aaabbb0e9586ef
269,economy,44,0.25,3,0.1,2,1,1000,2000,remnant,0,3,1,1502,688,153,0.250000,0.236072,-0.013928,60765.135487,1978,9e64c48d0f9adf9d
270,economy,42,0.25,3,0.1,10,1,1000,2000,remnant,0,28,19,1576,2000,300,0.250000,0.243450,-0.006550,80172.655615,2355,d2b09d999cb17991
271,economy,43,0.25,3,0.1,10,1,1000,2000,sustained,0,96,34,1604,2000,293,0.250000,0.256734,0.006734,91155.438353,2848,548f576c0d614cd0
272,economy,44,0.25,3,0.1,10,1,1000,2000,sustained,0,81,39,1542,2000,329,0.250000,0.246965,-0.003035,89825.651741,2648,babd55c4ab9f487b
273,economy,42,0.25,3,0.1,50,1,1000,2000,sustained,0,865,692,1892,611,561,0.250000,0.250857,0.000857,425393.266023,18055,6bcaa7487ffb52dc
274,economy,43,0.25,3,0.1,50,1,1000,2000,sustained,0,817,731,1905,602,477,0.250000,0.249448,-0.000552,424978.608082,18064,906d2886c379a4ad
275,economy,44,0.25,3,0.1,50,1,1000,2000,sustained,0,840,716,1835,657,453,0.250000,0.250162,0.000162,422474.700944,18009,c693fd708681f116
276,economy,42,0.25,3,0.2,0,1,1000,2000,extinct,7233,0,0,1508,123,123,0.250000,0.000000,-0.250000,46897.598893,1877,208db7381a91c0b0
277,economy,43,0.25,3,0.2,0,1,1000,2000,extinct,7393,0,0,1491,115,115,0.250000,0.000000,-0.250000,47294.164163,1885,610b67e0d7506a05
278,economy,44,0.25,3,0.2,0,1,1000,2000,extinct,7806,0,0,1446,110,110,0.250000,0.000000,-0.250000,47152.476233,1890,80c8c19a27201416
279,economy,42,0.25,3,0.2,2,1,1000,2000,extinct,7174,0,0,1504,728,180,0.250000,0.000000,-0.250000,48165.426137,1938,c29f495339a5ba70
280,economy,43,0.25,3,0.2,2,1,1000,2000,extinct,7325,0,0,1500,714,178,0.250000,0.000000,-0.250000,48438.274537,1952,d1caf47c6dd54d8d
281,economy,44,0.25,3,0.2,2,1,1000,2000,extinct,8125,0,0,1457,733,178,0.250000,0.000000,-0.250000,47853.764359,1933,0bf41fb510571069
282,economy,42,0.25,3,0.2,10,1,1000,2000,sustained,0,96,8,1524,2000,285,0.250000,0.260459,0.010459,66572.207514,2663,75c073f963a01746
283,economy,43,0.25,3,0.2,10,1,1000,2000,remnant,0,19,13,1535,2000,295,0.250000,0.253315,0.003315,61229.671965,2496,23c1e2f7bdeeb7d0
284,economy,44,0.25,3,0.2,10,1,1000,2000,remnant,0,37,14,1474,2000,279,0.250000,0.260098,0.010098,62316.660183,2540,13d9a58428cacf25
285,economy,42,0.25,3,0.2,50,1,1000,2000,sustained,0,736,540,1621,602,577,0.250000,0.249389,-0.000611,366035.461455,18064,fb93ae58fc6ab2a7
286,economy,43,0.25,3,0.2,50,1,1000,2000,sustained,0,750,563,1665,552,543,0.250000,0.248910,-0.001090,365694.248133,18114,3afc7bc8ef45cc51
287,economy,44,0.25,3,0.2,50,1,1000,2000,sustained,0,803,458,1616,650,599,0.250000,0.254048,0.004048,366573.290333,18016,cbf587f29fe65206
288,economy,42,0.25,6,0.05,0,1,1000,2000,resource-collapse,0,13,10,2940,162,162,0.250000,0.245681,-0.004319,228998.689980,1838,4f91c6087c4d3cf2
289,economy,43,0.25,6,0.05,0,1,1000,2000,resource-collapse,0,31,28,3017,126,126,0.250000,0.243220,-0.006780,229361.691881,1874,ad829d4a680e3680
290,economy,44,0.25,6,0.05,0,1,1000,2000,resource-collapse,0,7,2,3011,98,98,0.250000,0.255466,0.005466,207199.427959,1902,e4b3257f823ed7e6
291,economy,42,0.25,6,0.05,2,1,1000,2000,remnant,0,16,13,2935,614,161,0.250000,0.245228,-0.004772,239841.242337,2052,79beaa93bf746eaf
292,economy,43,0.25,6,0.05,2,1,1000,2000,remnant,0,36,31,3012,617,162,0.250000,0.253241,0.003241,233848.695911,2049,b3c3af315cb8097b
293,economy,44,0.25,6,0.05,2,1,1000,2000,remnant,0,40,30,3031,606,142,0.250000,0.256403,0.006403,221466.716036,2060,e30bf0ccf656e011
294,economy,42,0.25,6,0.05,10,1,1000,2000,sustained,0,139,87,2934,2000,265,0.250000,0.249800,-0.000200,298963.436794,2848,8eabade72a326cf0
295,economy,43,0.25,6,0.05,10,1,1000,2000,sustained,0,257,111,3017,2000,258,0.250000,0.254213,0.004213,291420.419474,2893,20f1c76e7fc12092
296,economy,44,0.25,6,0.05,10,1,1000,2000,sustained,0,91,74,3046,2000,265,0.250000,0.247284,-0.002716,256878.654649,2739,96ebda7e03be2269
297,economy,42,0.25,6,0.05,50,1,1000,2000,sustained,0,1695,801,3582,1864,190,0.250000,0.250966,0.000966,834197.152083,16802,d03deb57a1484065
298,economy,43,0.25,6,0.05,50,1,1000,2000,sustained,0,2406,787,3337,1846,223,0.250000,0.253231,0.003231,814488.947496,16820,4be3b7a3c1872fa1
299,economy,44,0.25,6,0.05,50,1,1000,2000,sustained,0,1934,811,3283,2000,221,0.250000,0.251939,0.001939,785264.937803,16081,1942877558c86fd8
300,economy,42,0.25,6,0.1,0,1,1000,2000,extinct,8691,0,0,2225,75,75,0.250000,0.000000,-0.250000,94156.093878,1925,308abfed289ce3f8
301,economy,43,0.25,6,0.1,0,1,1000,2000,extinct,6392,0,0,2247,66,66,0.250000,0.000000,-0.250000,94418.180833,1934,37f58ba98e7c74c0
302,economy,44,0.25,6,0.1,0,1,1000,2000,extinct,14318,0,0,2189,77,77,0.250000,0.000000,-0.250000,93511.102822,1923,9c24ccc25771080c
303,economy,42,0.25,6,0.1,2,1,1000,2000,extinct,19222,0,0,2270,661,147,0.250000,0.000000,-0.250000,100276.655588,2005,e0f1c5fc188a9eec
304,economy,43,0.25,6,0.1,2,1,1000,2000,remnant,0,4,2,2252,670,142,0.250000,0.242551,-0.007449,98822.916386,1996,40a8cd1c51948508
305,economy,44,0.25,6,0.1,2,1,1000,2000,extinct,7708,0,0,2210,642,113,0.250000,0.000000,-0.250000,94241.586201,2024,e2e83c75ef30d882
306,economy,42,0.25,6,0.1,10,1,1000,2000,sustained,0,313,67,2315,1916,222,0.250000,0.255998,0.005998,154798.741471,3417,d4fe619d73cf6e05
307,economy,43,0.25,6,0.1,10,1,1000,2000,sustained,0,460,64,2338,1403,234,0.250000,0.263176,0.013176,171093.432264,3930,939ffef9442b19f3
308,economy,44,0.25,6,0.1,10,1,1000,2000,sustained,0,413,57,2285,1189,191,0.250000,0.263751,0.013751,169506.579419,4144,6ce1502e4c601d4b
309,economy,42,0.25,6,0.1,50,1,1000,2000,sustained,0,1038,846,2779,429,411,0.250000,0.250925,0.000925,509406.209166,18237,02cd6d404fcf361d
310,economy,43,0.25,6,0.1,50,1,1000,2000,sustained,0,1012,811,2759,440,393,0.250000,0.248883,-0.001117,509427.299302,18226,8c8db4173b0464ff
311,economy,44,0.25,6,0.1,50,1,1000,2000,sustained,0,1081,805,2751,447,399,0.250000,0.250343,0.000343,507056.179596,18219,7c566db7ca82808c
312,economy,42,0.25,6,0.2,0,1,1000,2000,extinct,7320,0,0,1750,92,92,0.250000,0.000000,-0.250000,58486.372490,1908,7091008c2b9c3708
313,economy,43,0.25,6,0.2,0,1,1000,2000,extinct,5527,0,0,1774,97,97,0.250000,0.000000,-0.250000,58958.533744,1903,c09778cab3fcb39c
314,economy,44,0.25,6,0.2,0,1,1000,2000,extinct,9669,0,0,1705,99,99,0.250000,0.000000,-0.250000,58532.342561,1901,9a4353f39de051f6
315,economy,42,0.25,6,0.2,2,1,1000,2000,extinct,10464,0,0,1769,697,153,0.250000,0.000000,-0.250000,60013.128293,1969,42caabb5654432c6
316,economy,43,0.25,6,0.2,2,1,1000,2000,extinct,7313,0,0,1788,661,136,0.250000,0.000000,-0.250000,61509.978836,2005,1dd6e749d9fbe72f
317,economy,44,0.25,6,0.2,2,1,1000,2000,extinct,9592,0,0,1709,686,153,0.250000,0.000000,-0.250000,60386.127764,1980,142eef163eafab94
318,economy,42,0.25,6,0.2,10,1,1000,2000,sustained,0,594,59,1788,828,270,0.250000,0.266307,0.016307,128617.906051,4505,89e49ac82ce6732d
319,economy,43,0.25,6,0.2,10,1,1000,2000,sustained,0,367,52,1811,764,257,0.250000,0.269402,0.019402,131438.070621,4569,d83cfb5d2cade53f
320,economy,44,0.25,6,0.2,10,1,1000,2000,sustained,0,386,29,1749,1078,236,0.250000,0.276846,0.026846,121204.617882,4255,4521977c8e96659c
321,economy,42,0.25,6,0.2,50,1,1000,2000,sustained,0,899,681,1980,506,440,0.250000,0.248002,-0.001998,414692.066131,18160,613b8f19c1f597f8
322,economy,43,0.25,6,0.2,50,1,1000,2000,sustained,0,900,644,2088,506,461,0.250000,0.251282,0.001282,414969.597672,18160,6f90f32a04d07c7f
323,economy,44,0.25,6,0.2,50,1,1000,2000,sustained,0,815,676,1986,464,431,0.250000,0.250237,0.000237,415190.468543,18202,865c294dc4659617
324,economy,42,0.5,1.5,0.05,0,1,1000,2000,extinct,7620,0,0,1630,86,86,0.500000,0.000000,-0.500000,48297.017286,1914,fa7b9afbd648e56f
325,economy,43,0.5,1.5,0.05,0,1,1000,2000,extinct,6291,0,0,1641,90,90,0.500000,0.000000,-0.500000,48139.387944,1910,43e62b466a08eaff
326,economy,44,0.5,1.5,0.05,0,1,1000,2000,extinct,5529,0,0,1596,131,131,0.500000,0.000000,-0.500000,47121.877539,1869,f026c4483dc8ebde
327,economy,42,0.5,1.5,0.05,2,1,1000,2000,extinct,6977,0,0,1633,722,167,0.500000,0.000000,-0.500000,48774.612891,1944,26ab7fb4d07ef20f
328,economy,43,0.5,1.5,0.05,2,1,1000,2000,extinct,6692,0,0,1649,667,140,0.500000,0.000000,-0.500000,50062.277815,1999,6a78fc7e8b4cbfe3
329,economy,44,0.5,1.5,0.05,2,1,1000,2000,extinct,8069,0,0,1597,712,166,0.500000,0.000000,-0.500000,49012.419224,1954,d7fdd96fb0d3b784
330,economy,42,0.5,1.5,0.05,10,1,1000,2000,sustained,0,385,16,1646,1632,263,0.500000,0.519426,0.019426,90597.222629,3701,9c49267ac2d59678
331,economy,43,0.5,1.5,0.05,10,1,1000,2000,extinct,12210,0,0,1643,2000,255,0.500000,0.000000,-0.500000,55989.168339,2297,4ed3bff13fc72c0f
332,economy,44,0.5,1.5,0.05,10,1,1000,2000,sustained,0,180,13,1608,2000,299,0.500000,0.530356,0.030356,74733.097231,3046,c8190cd7346a346f
333,economy,42,0.5,1.5,0.05,50,1,1000,2000,sustained,0,797,662,1722,575,447,0.500000,0.500753,0.000753,375035.448240,18091,8239bf1dc3747f82
334,economy,43,0.5,1.5,0.05,50,1,1000,2000,sustained,0,727,644,1724,557,496,0.500000,0.500577,0.000577,372925.690907,18109,414bb34a210bec70
335,economy,44,0.5,1.5,0.05,50,1,1000,2000,sustained,0,716,656,1674,633,548,0.500000,0.499907,-0.000093,374528.746308,18033,23c2b5757cfc2266
336,economy,42,0.5,1.5,0.1,0,1,1000,2000,extinct,6152,0,0,1634,123,123,0.500000,0.000000,-0.500000,45128.650154,1877,d1b0fbae0afff213
337,economy,43,0.5,1.5,0.1,0,1,1000,2000,extinct,7789,0,0,1629,103,103,0.500000,0.000000,-0.500000,45664.426441,1897,fbabc1fdd8941e92
338,economy,44,0.5,1.5,0.1,0,1,1000,2000,extinct,5091,0,0,1555,131,131,0.500000,0.000000,-0.500000,44964.616133,1869,34ad120b360ba6fe
339,economy,42,0.5,1.5,0.1,2,1,1000,2000,extinct,6419,0,0,1628,708,160,0.500000,0.000000,-0.500000,46748.167343,1958,4897cac5cd1e924c
340,economy,43,0.5,1.5,0.1,2,1,1000,2000,extinct,8442,0,0,1630,734,187,0.500000,0.000000,-0.500000,46186.372510,1932,2d826cfe255ef142
341,economy,44,0.5,1.5,0.1,2,1,1000,2000,extinct,4648,0,0,1568,735,167,0.500000,0.000000,-0.500000,46096.758211,1931,02d27fa1c96ca8f1
342,economy,42,0.5,1.5,0.1,10,1,1000,2000,sustained,0,228,11,1646,2000,284,0.500000,0.555088,0.055088,73136.510530,3148,c33536086c8a1f42
343,economy,43,0.5,1.5,0.1,10,1,1000,2000,sustained,0,301,15,1645,1132,264,0.500000,0.559786,0.059786,97152.426671,4201,d42c75c77e8d9b70
344,economy,44,0.5,1.5,0.1,10,1,1000,2000,sustained,0,345,11,1575,1427,262,0.500000,0.563946,0.063946,90650.138628,3906,026477f639375bb7
345,economy,42,0.5,1.5,0.1,50,1,1000,2000,sustained,0,729,495,1698,584,542,0.500000,0.502826,0.002826,359005.679707,18082,3f1e11ee647eb424
346,economy,43,0.5,1.5,0.1,50,1,1000,2000,sustained,0,813,596,1691,578,572,0.500000,0.502709,0.002709,359633.642686,18088,c6cb3aea9cfce964
347,economy,44,0.5,1.5,0.1,50,1,1000,2000,sustained,0,809,560,1639,562,513,0.500000,0.499559,-0.000441,358392.159052,18104,89a1fd0d17669e73
348,economy,42,0.5,1.5,0.2,0,1,1000,2000,extinct,8222,0,0,1584,96,96,0.500000,0.000000,-0.500000,42264.812301,1904,26dbdb8b314aeadb
349,economy,43,0.5,1.5,0.2,0,1,1000,2000,extinct,6521,0,0,1558,134,134,0.500000,0.000000,-0.500000,41433.293757,1866,2e947c2fb5278549
350,economy,44,0.5,1.5,0.2,0,1,1000,2000,extinct,5301,0,0,1513,130,130,0.500000,0.000000,-0.500000,41542.262337,1870,554466d422aff817
351,economy,42,0.5,1.5,0.2,2,1,1000,2000,extinct,5783,0,0,1580,731,172,0.500000,0.000000,-0.500000,42663.818090,1935,dcb1e252cba9d711
352,economy,43,0.5,1.5,0.2,2,1,1000,2000,extinct,6502,0,0,1562,699,145,0.500000,0.000000,-0.500000,43351.174885,1967,9bb29c95ed0f8945
353,economy,44,0.5,1.5,0.2,2,1,1000,2000,extinct,8450,0,0,1515,723,179,0.500000,0.000000,-0.500000,42773.300609,1943,fc9a6156d84ba77c
354,economy,42,0.5,1.5,0.2,10,1,1000,2000,sustained,0,100,6,1583,2000,274,0.500000,0.498202,-0.001798,63527.414182,2967,d225166769dc9052
355,economy,43,0.5,1.5,0.2,10,1,1000,2000,sustained,0,142,11,1568,2000,289,0.500000,0.489317,-0.010683,65899.850529,3092,dbd78de47fb2316b
356,economy,44,0.5,1.5,0.2,10,1,1000,2000,sustained,0,53,2,1522,2000,258,0.500000,0.471561,-0.028439,60577.909812,2832,89f2703f19d2f54a
357,economy,42,0.5,1.5,0.2,50,1,1000,2000,sustained,0,646,509,1618,687,578,0.500000,0.501003,0.001003,327321.492429,17979,ce319edc1aacf060
358,economy,43,0.5,1.5,0.2,50,1,1000,2000,sustained,0,682,541,1589,577,569,0.500000,0.499230,-0.000770,328133.170314,18089,ae8bc747aa09b88a
359,economy,44,0.5,1.5,0.2,50,1,1000,2000,sustained,0,677,556,1569,640,565,0.500000,0.501259,0.001259,330521.549658,18026,ef485f7283c604df
360,economy,42,0.5,3,0.05,0,1,1000,2000,extinct,7462,0,0,1670,101,101,0.500000,0.000000,-0.500000,50421.389598,1899,6a4c629b6f8e8e45
361,economy,43,0.5,3,0.05,0,1,1000,2000,extinct,6525,0,0,1706,96,96,0.500000,0.000000,-0.500000,50317.414991,1904,4adf2589c6533a1e
362,economy,44,0.5,3,0.05,0,1,1000,2000,extinct,7604,0,0,1655,118,118,0.500000,0.000000,-0.500000,49937.071347,1882,34e5b31b6e082d6f
363,economy,42,0.5,3,0.05,2,1,1000,2000,extinct,5666,0,0,1679,685,138,0.500000,0.000000,-0.500000,52198.834109,1981,2b11bcba280a6c89
364,economy,43,0.5,3,0.05,2,1,1000,2000,extinct,7160,0,0,1705,704,152,0.500000,0.000000,-0.500000,51624.600921,1962,e55a12533c3b28a4
365,economy,44,0.5,3,0.05,2,1,1000,2000,extinct,9454,0,0,1653,729,169,0.500000,0.000000,-0.500000,51090.790712,1937,89f671eeabd5deb5
366,economy,42,0.5,3,0.05,10,1,1000,2000,sustained,0,396,16,1690,1695,251,0.500000,0.541686,0.041686,94124.576500,3638,294e160e417aa3ad
367,economy,43,0.5,3,0.05,10,1,1000,2000,sustained,0,93,22,1741,2000,253,0.500000,0.513323,0.013323,78138.346181,2995,6fec584ca8a8a0c3
368,economy,44,0.5,3,0.05,10,1,1000,2000,sustained,0,369,29,1668,1541,268,0.500000,0.521510,0.021510,98531.403626,3792,49694731ed13a1d6
369,economy,42,0.5,3,0.05,50,1,1000,2000,sustained,0,871,725,1808,443,405,0.500000,0.501623,0.001623,411095.470847,18223,abcd2ef9d64594f9
370,economy,43,0.5,3,0.05,50,1,1000,2000,sustained,0,836,688,1849,553,459,0.500000,0.498722,-0.001278,409441.953791,18113,693c8375ea16b33a
371,economy,44,0.5,3,0.05,50,1,1000,2000,sustained,0,863,756,1799,430,398,0.500000,0.499436,-0.000564,410643.400552,18236,1e48710167b0ebec
372,economy,42,0.5,3,0.1,0,1,1000,2000,extinct,7562,0,0,1647,79,79,0.500000,0.000000,-0.500000,47750.842136,1921,858eae65b729e61d
373,economy,43,0.5,3,0.1,0,1,1000,2000,extinct,6768,0,0,1662,133,133,0.500000,0.000000,-0.500000,46545.782301,1867,39542207df9911bf
374,economy,44,0.5,3,0.1,0,1,1000,2000,extinct,6675,0,0,1611,117,117,0.500000,0.000000,-0.500000,46843.086355,1883,a49624621b511991
375,economy,42,0.5,3,0.1,2,1,1000,2000,extinct,7256,0,0,1646,702,158,0.500000,0.000000,-0.500000,48535.121779,1964,0c739b9c3bc34d81
376,economy,43,0.5,3,0.1,2,1,1000,2000,extinct,6194,0,0,1667,691,146,0.500000,0.000000,-0.500000,48937.117210,1975,8f177912a1900f07
377,economy,44,0.5,3,0.1,2,1,1000,2000,extinct,8767,0,0,1620,731,189,0.500000,0.000000,-0.500000,47970.299684,1935,019fbebf5077762b
378,economy,42,0.5,3,0.1,10,1,1000,2000,sustained,0,399,23,1657,1147,245,0.500000,0.521718,0.021718,101045.498995,4186,4846dda45247fcf9
379,economy,43,0.5,3,0.1,10,1,1000,2000,sustained,0,249,26,1690,1700,275,0.500000,0.490025,-0.009975,88516.574132,3633,06f4164463192d5c
380,economy,44,0.5,3,0.1,10,1,1000,2000,remnant,0,46,17,1632,2000,289,0.500000,0.499089,-0.000911,66385.804547,2715,04cb66796025351f
381,economy,42,0.5,3,0.1,50,1,1000,2000,sustained,0,796,735,1752,480,463,0.500000,0.499856,-0.000144,389621.329842,18186,cce6e591e5432f82
382,economy,43,0.5,3,0.1,50,1,1000,2000,sustained,0,819,704,1759,454,409,0.500000,0.499311,-0.000689,389815.147350,18212,1cf6f312763e89e1
383,economy,44,0.5,3,0.1,50,1,1000,2000,sustained,0,839,666,1743,467,445,0.500000,0.500906,0.000906,392427.232612,18199,b5a607ec95b51c26
384,economy,42,0.5,3,0.2,0,1,1000,2000,extinct,6162,0,0,1595,109,109,0.500000,0.000000,-0.500000,42738.913314,1891,a066f480ec8c6edd
385,economy,43,0.5,3,0.2,0,1,1000,2000,extinct,5236,0,0,1601,135,135,0.500000,0.000000,-0.500000,42289.668102,1865,c45c6b761dfe3560
386,economy,44,0.5,3,0.2,0,1,1000,2000,extinct,5976,0,0,1522,150,150,0.500000,0.000000,-0.500000,41876.057511,1850,9d98378d5affbcc1
387,economy,42,0.5,3,0.2,2,1,1000,2000,extinct,6669,0,0,1594,711,158,0.500000,0.000000,-0.500000,44030.032762,1955,7b380ca877bb334a
388,economy,43,0.5,3,0.2,2,1,1000,2000,extinct,6701,0,0,1602,727,173,0.500000,0.000000,-0.500000,43799.180224,1939,ce326ebd413681d7
389,economy,44,0.5,3,0.2,2,1,1000,2000,extinct,7136,0,0,1522,741,183,0.500000,0.000000,-0.500000,43306.504615,1925,e55ab5e55217d03a
390,economy,42,0.5,3,0.2,10,1,1000,2000,sustained,0,243,25,1611,1453,268,0.500000,0.514798,0.014798,85501.469342,3880,079743b1096a1c39
391,economy,43,0.5,3,0.2,10,1,1000,2000,extinct,7877,0,0,1610,2000,292,0.500000,0.000000,-0.500000,50059.198140,2250,48348362c42ec9c1
392,economy,44,0.5,3,0.2,10,1,1000,2000,remnant,0,33,3,1528,2000,295,0.500000,0.525003,0.025003,56055.424583,2524,a09b52659e908593
393,economy,42,0.5,3,0.2,50,1,1000,2000,sustained,0,718,589,1660,603,497,0.500000,0.500784,0.000784,356470.763040,18063,d51e174d5ba7a70d
394,economy,43,0.5,3,0.2,50,1,1000,2000,sustained,0,770,624,1664,541,540,0.500000,0.500311,0.000311,359069.175335,18125,c5cb86378880828a
395,economy,44,0.5,3,0.2,50,1,1000,2000,sustained,0,706,587,1618,569,487,0.500000,0.498705,-0.001295,357441.527171,18097,ebbe3dc9580d83a9
396,economy,42,0.5,6,0.05,0,1,1000,2000,extinct,7919,0,0,1832,79,79,0.500000,0.000000,-0.500000,57654.045520,1921,8f05035dbda18224
397,economy,43,0.5,6,0.05,0,1,1000,2000,extinct,8330,0,0,1802,83,83,0.500000,0.000000,-0.500000,57799.154739,1917,44b8ff51c380b0c8
398,economy,44,0.5,6,0.05,0,1,1000,2000,extinct,5701,0,0,1768,89,89,0.500000,0.000000,-0.500000,56959.423145,1911,459dff4872f5a322
399,economy,42,0.5,6,0.05,2,1,1000,2000,extinct,6784,0,0,1850,685,137,0.500000,0.000000,-0.500000,59122.251747,1981,c6a0d5124b16b8e7
400,economy,43,0.5,6,0.05,2,1,1000,2000,extinct,8721,0,0,1810,670,139,0.500000,0.000000,-0.500000,59801.468507,1996,b79fd80e5180583a
401,economy,44,0.5,6,0.05,2,1,1000,2000,extinct,9399,0,0,1759,690,154,0.500000,0.000000,-0.500000,58973.718388,1976,40f7f1069176ad10
402,economy,42,0.5,6,0.05,10,1,1000,2000,sustained,0,286,58,1861,571,235,0.500000,0.495344,-0.004656,135310.214899,4762,a17e8b26f14050c1
403,economy,43,0.5,6,0.05,10,1,1000,2000,sustained,0,80,11,1829,2000,267,0.500000,0.508905,0.008905,77000.221154,2584,7018f646fa601daf
404,economy,44,0.5,6,0.05,10,1,1000,2000,sustained,0,304,34,1813,604,233,0.500000,0.495759,-0.004241,133360.540681,4729,568554af7a9ddbd4
405,economy,42,0.5,6,0.05,50,1,1000,2000,sustained,0,969,822,2043,410,357,0.500000,0.500518,0.000518,450011.520972,18256,6aeab721f9e4388f
406,economy,43,0.5,6,0.05,50,1,1000,2000,sustained,0,1000,818,2043,401,333,0.500000,0.499015,-0.000985,450300.559611,18265,4998b5555c32fac6
407,economy,44,0.5,6,0.05,50,1,1000,2000,sustained,0,1002,774,2016,371,350,0.500000,0.500024,0.000024,450971.596641,18295,f7a532dceee52ac2
408,economy,42,0.5,6,0.1,0,1,1000,2000,extinct,7649,0,0,1726,102,102,0.500000,0.000000,-0.500000,50874.658672,1898,00fa0b7b7c0d50e8
409,economy,43,0.5,6,0.1,0,1,1000,2000,extinct,6491,0,0,1741,97,97,0.500000,0.000000,-0.500000,50754.413145,1903,e5f0caa8acd08e3b
410,economy,44,0.5,6,0.1,0,1,1000,2000,extinct,7309,0,0,1672,91,91,0.500000,0.000000,-0.500000,50957.203577,1909,9038ae930bc8818c
411,economy,42,0.5,6,0.1,2,1,1000,2000,extinct,5985,0,0,1746,709,162,0.500000,0.000000,-0.500000,52283.859520,1957,6732b2af33843eff
412,economy,43,0.5,6,0.1,2,1,1000,2000,extinct,6694,0,0,1746,694,157,0.500000,0.000000,-0.500000,52419.356146,1972,030902c1660d594d
413,economy,44,0.5,6,0.1,2,1,1000,2000,extinct,7714,0,0,1672,683,146,0.500000,0.000000,-0.500000,52660.783224,1983,5278261d08f73f76
414,economy,42,0.5,6,0.1,10,1,1000,2000,sustained,0,302,29,1758,1188,277,0.500000,0.551929,0.051929,107580.803680,4145,e96bea6afe9d2713
415,economy,43,0.5,6,0.1,10,1,1000,2000,remnant,0,35,20,1763,2000,250,0.500000,0.508592,0.008592,70389.713485,2671,266c4be6f2b87ba3
416,economy,44,0.5,6,0.1,10,1,1000,2000,sustained,0,344,14,1699,1443,288,0.500000,0.548565,0.048565,100828.052900,3890,88b4556f3840544e
417,economy,42,0.5,6,0.1,50,1,1000,2000,sustained,0,883,809,1862,449,375,0.500000,0.500314,0.000314,423295.876397,18217,e22805e6fe68dab0
418,economy,43,0.5,6,0.1,50,1,1000,2000,sustained,0,907,764,1904,414,402,0.500000,0.500046,0.000046,424805.455198,18252,770175be00d939fc
419,economy,44,0.5,6,0.1,50,1,1000,2000,sustained,0,910,780,1864,432,388,0.500000,0.499332,-0.000668,424169.023513,18234,2048ce25b77e6b3f
420,economy,42,0.5,6,0.2,0,1,1000,2000,extinct,5359,0,0,1648,110,110,0.500000,0.000000,-0.500000,44585.616106,1890,b887b10d73baa084
421,economy,43,0.5,6,0.2,0,1,1000,2000,extinct,6118,0,0,1638,104,104,0.500000,0.000000,-0.500000,44802.371172,1896,4c0909b9369739d9
422,economy,44,0.5,6,0.2,0,1,1000,2000,extinct,5363,0,0,1554,127,127,0.500000,0.000000,-0.500000,44115.161329,1873,6241d4321ae2573d
423,economy,42,0.5,6,0.2,2,1,1000,2000,extinct,5510,0,0,1644,685,124,0.500000,0.000000,-0.500000,46569.043652,1981,81a97e9fc2e18bee
424,economy,43,0.5,6,0.2,2,1,1000,2000,extinct,7171,0,0,1640,710,163,0.500000,0.000000,-0.500000,46118.832348,1956,2fca39c8e080abf7
425,economy,44,0.5,6,0.2,2,1,1000,2000,extinct,6370,0,0,1554,731,171,0.500000,0.000000,-0.500000,45438.046883,1935,92666258cc409351
426,economy,42,0.5,6,0.2,10,1,1000,2000,sustained,0,107,10,1652,2000,221,0.500000,0.536830,0.036830,67692.364781,2908,e1d9f9432d4a44d9
427,economy,43,0.5,6,0.2,10,1,1000,2000,sustained,0,292,9,1656,1704,266,0.500000,0.515588,0.015588,83800.715327,3629,90f3c0daf6571fdd
428,economy,44,0.5,6,0.2,10,1,1000,2000,sustained,0,409,24,1596,1315,275,0.500000,0.505982,0.005982,92997.257680,4018,55ae2956d9e24d15
429,economy,42,0.5,6,0.2,50,1,1000,2000,sustained,0,884,732,1737,452,446,0.500000,0.498953,-0.001047,387222.016943,18214,8c692984fe8f9c5e
430,economy,43,0.5,6,0.2,50,1,1000,2000,sustained,0,868,627,1744,428,420,0.500000,0.499268,-0.000732,388177.417829,18238,d1345a8c5e59e958
431,economy,44,0.5,6,0.2,50,1,1000,2000,sustained,0,806,656,1690,451,406,0.500000,0.500646,0.000646,388143.126462,18215,e474b638c5f1cd65
432,economy,42,0.85,1.5,0.05,0,1,1000,2000,extinct,5773,0,0,1783,119,119,0.850000,0.000000,-0.850000,46095.253826,1881,49d9195a6d634081
433,economy,43,0.85,1.5,0.05,0,1,1000,2000,extinct,5542,0,0,1758,122,122,0.850000,0.000000,-0.850000,46054.198478,1878,7cbdd798d287f4bd
434,economy,44,0.85,1.5,0.05,0,1,1000,2000,extinct,6703,0,0,1729,114,114,0.850000,0.000000,-0.850000,46228.080745,1886,ffc06cce18af196d
435,economy,42,0.85,1.5,0.05,2,1,1000,2000,extinct,7133,0,0,1789,697,161,0.850000,0.000000,-0.850000,47960.283326,1969,591d050c5f92f7b9
436,economy,43,0.85,1.5,0.05,2,1,1000,2000,extinct,6717,0,0,1758,724,174,0.850000,0.000000,-0.850000,47340.137626,1942,1075bca941401a17
437,economy,44,0.85,1.5,0.05,2,1,1000,2000,extinct,5279,0,0,1730,754,187,0.850000,0.000000,-0.850000,46640.824018,1912,ab210ae24f7de557
438,economy,42,0.85,1.5,0.05,10,1,1000,2000,extinct,17397,0,0,1788,2000,269,0.850000,0.000000,-0.850000,57379.015236,2408,e93f463a354e8c5f
439,economy,43,0.85,1.5,0.05,10,1,1000,2000,sustained,0,116,2,1760,2000,279,0.850000,0.845355,-0.004645,63089.207338,2646,a764e23ff0b12920
440,economy,44,0.85,1.5,0.05,10,1,1000,2000,sustained,0,59,10,1736,2000,276,0.850000,0.857013,0.007013,65162.513239,2734,d4fcba967f943f6c
441,economy,42,0.85,1.5,0.05,50,1,1000,2000,sustained,0,842,644,1818,527,475,0.850000,0.851144,0.001144,373635.679763,18139,230053b0e85bedbc
442,economy,43,0.85,1.5,0.05,50,1,1000,2000,sustained,0,805,627,1814,564,517,0.850000,0.849491,-0.000509,374459.008210,18102,175bd04702414280
443,economy,44,0.85,1.5,0.05,50,1,1000,2000,sustained,0,807,514,1812,540,511,0.850000,0.851229,0.001229,379527.205004,18126,b731e6783e108b4c
444,economy,42,0.85,1.5,0.1,0,1,1000,2000,extinct,5656,0,0,1783,127,127,0.850000,0.000000,-0.850000,45765.792343,1873,c3278d2eb38e7c20
445,economy,43,0.85,1.5,0.1,0,1,1000,2000,extinct,6254,0,0,1756,127,127,0.850000,0.000000,-0.850000,45819.535173,1873,4a72dc508f728e13
446,economy,44,0.85,1.5,0.1,0,1,1000,2000,extinct,5525,0,0,1726,100,100,0.850000,0.000000,-0.850000,46438.898092,1900,6aef8eb9dca1c52b
447,economy,42,0.85,1.5,0.1,2,1,1000,2000,extinct,6082,0,0,1788,694,144,0.850000,0.000000,-0.850000,47862.601570,1972,84df4138ce8144c4
448,economy,43,0.85,1.5,0.1,2,1,1000,2000,extinct,5241,0,0,1761,749,187,0.850000,0.000000,-0.850000,46602.980265,1917,68afc38825991316
449,economy,44,0.85,1.5,0.1,2,1,1000,2000,extinct,4992,0,0,1727,737,166,0.850000,0.000000,-0.850000,46798.281464,1929,51a9da99d9a1cdc3
450,economy,42,0.85,1.5,0.1,10,1,1000,2000,remnant,0,10,1,1782,2000,263,0.850000,0.862972,0.012972,57146.708535,2417,0ab0ba481115f73d
451,economy,43,0.85,1.5,0.1,10,1,1000,2000,sustained,0,103,4,1758,2000,277,0.850000,0.891566,0.041566,64479.000704,2721,f3f54750dc38a4b5
452,economy,44,0.85,1.5,0.1,10,1,1000,2000,sustained,0,86,4,1730,2000,254,0.850000,0.860334,0.010334,61635.190370,2603,ce969de921675ded
453,economy,42,0.85,1.5,0.1,50,1,1000,2000,sustained,0,759,598,1822,513,476,0.850000,0.850523,0.000523,365301.252559,18153,5d09b07c99580893
454,economy,43,0.85,1.5,0.1,50,1,1000,2000,sustained,0,766,575,1820,497,473,0.850000,0.849985,-0.000015,364524.136339,18169,77c4f25d83fd447d
455,economy,44,0.85,1.5,0.1,50,1,1000,2000,sustained,0,756,593,1773,598,518,0.850000,0.848887,-0.001113,366603.118083,18068,4c0704392281466c
456,economy,42,0.85,1.5,0.2,0,1,1000,2000,extinct,5890,0,0,1656,121,121,0.850000,0.000000,-0.850000,40301.699272,1879,699369fede496ade
457,economy,43,0.85,1.5,0.2,0,1,1000,2000,extinct,4695,0,0,1619,141,141,0.850000,0.000000,-0.850000,39810.955595,1859,76689c512081349a
458,economy,44,0.85,1.5,0.2,0,1,1000,2000,extinct,5639,0,0,1590,128,128,0.850000,0.000000,-0.850000,40131.961404,1872,b5dc36a850e5cf81
459,economy,42,0.85,1.5,0.2,2,1,1000,2000,extinct,8391,0,0,1656,732,175,0.850000,0.000000,-0.850000,41316.830140,1934,85c979b47c433a9a
460,economy,43,0.85,1.5,0.2,2,1,1000,2000,extinct,4836,0,0,1617,751,186,0.850000,0.000000,-0.850000,40773.131831,1915,bf834152466e85f0
461,economy,44,0.85,1.5,0.2,2,1,1000,2000,extinct,5156,0,0,1591,751,195,0.850000,0.000000,-0.850000,40839.128288,1915,0834bab1dcaa9bf7
462,economy,42,0.85,1.5,0.2,10,1,1000,2000,extinct,9560,0,0,1656,2000,289,0.850000,0.000000,-0.850000,47113.981302,2267,0c4de816272be285
463,economy,43,0.85,1.5,0.2,10,1,1000,2000,sustained,0,274,3,1614,2000,300,0.850000,0.871378,0.021378,68982.459851,3256,4e9092beb7370b71
464,economy,44,0.85,1.5,0.2,10,1,1000,2000,extinct,19103,0,0,1601,2000,317,0.850000,0.000000,-0.850000,49414.051398,2376,107f6f83df44d61a
465,economy,42,0.85,1.5,0.2,50,1,1000,2000,sustained,0,685,475,1670,702,573,0.850000,0.849481,-0.000519,333171.451856,17964,6d865baa2fc983f3
466,economy,43,0.85,1.5,0.2,50,1,1000,2000,sustained,0,644,516,1644,718,568,0.850000,0.850993,0.000993,330689.009267,17948,8af0c0446fe28504
467,economy,44,0.85,1.5,0.2,50,1,1000,2000,sustained,0,701,520,1626,627,545,0.850000,0.848542,-0.001458,331051.863509,18039,d6965eff7d5d1eb6
468,economy,42,0.85,3,0.05,0,1,1000,2000,extinct,5058,0,0,1785,110,110,0.850000,0.000000,-0.850000,46452.757748,1890,04ffce3f7f48dbe7
469,economy,43,0.85,3,0.05,0,1,1000,2000,extinct,5741,0,0,1764,108,108,0.850000,0.000000,-0.850000,46540.331652,1892,483d67d70b075624
470,economy,44,0.85,3,0.05,0,1,1000,2000,extinct,4459,0,0,1733,117,117,0.850000,0.000000,-0.850000,46294.542839,1883,785a57c839fa88a9
471,economy,42,0.85,3,0.05,2,1,1000,2000,extinct,6586,0,0,1783,712,163,0.850000,0.000000,-0.850000,47838.868812,1954,d78b870efdf524c4
472,economy,43,0.85,3,0.05,2,1,1000,2000,extinct,6149,0,0,1765,744,182,0.850000,0.000000,-0.850000,47110.963251,1922,4ccf725cede87082
473,economy,44,0.85,3,0.05,2,1,1000,2000,extinct,5913,0,0,1734,712,153,0.850000,0.000000,-0.850000,47893.408002,1954,7d1e9a1aed3d570e
474,economy,42,0.85,3,0.05,10,1,1000,2000,remnant,0,26,1,1789,2000,291,0.850000,0.961832,0.111832,62358.177976,2568,87f8a34c716761f0
475,economy,43,0.85,3,0.05,10,1,1000,2000,sustained,0,150,16,1775,1472,270,0.850000,0.856916,0.006916,93736.887859,3861,eb34c0921228e16e
476,economy,44,0.85,3,0.05,10,1,1000,2000,sustained,0,228,10,1748,1811,266,0.850000,0.859989,0.009989,85644.717114,3522,cc77f8e05b7c785f
477,economy,42,0.85,3,0.05,50,1,1000,2000,sustained,0,859,704,1842,503,405,0.850000,0.849484,-0.000516,401343.188528,18163,4402dbd787b1d456
478,economy,43,0.85,3,0.05,50,1,1000,2000,sustained,0,903,738,1865,440,394,0.850000,0.851243,0.001243,402953.646302,18226,554622d8a71b48d0
479,economy,44,0.85,3,0.05,50,1,1000,2000,sustained,0,877,696,1830,462,385,0.850000,0.849069,-0.000931,403074.113336,18204,b6b83639f87e8d02
480,economy,42,0.85,3,0.1,0,1,1000,2000,extinct,5103,0,0,1782,120,120,0.850000,0.000000,-0.850000,46039.721350,1880,39b8b5a0f144356a
481,economy,43,0.85,3,0.1,0,1,1000,2000,extinct,5405,0,0,1767,112,112,0.850000,0.000000,-0.850000,46309.452441,1888,bd5ee7e011ec8fa9
482,economy,44,0.85,3,0.1,0,1,1000,2000,extinct,7838,0,0,1730,122,122,0.850000,0.000000,-0.850000,46023.337651,1878,babe221791a1015f
483,economy,42,0.85,3,0.1,2,1,1000,2000,extinct,8273,0,0,1780,729,166,0.850000,0.000000,-0.850000,47246.700844,1937,ffd3810b1ff3a387
484,economy,43,0.85,3,0.1,2,1,1000,2000,extinct,5457,0,0,1765,736,192,0.850000,0.000000,-0.850000,47158.904459,1930,885d0f5a2e52e75b
485,economy,44,0.85,3,0.1,2,1,1000,2000,extinct,8498,0,0,1731,745,186,0.850000,0.000000,-0.850000,47002.409154,1921,0133bf19b90eee72
486,economy,42,0.85,3,0.1,10,1,1000,2000,sustained,0,229,35,1788,1165,259,0.850000,0.873622,0.023622,100185.309487,4168,63254c79b0b3ddfe
487,economy,43,0.85,3,0.1,10,1,1000,2000,sustained,0,201,16,1771,1863,272,0.850000,0.849058,-0.000942,83465.242080,3470,56dfd37ca245f689
488,economy,44,0.85,3,0.1,10,1,1000,2000,remnant,0,43,5,1734,2000,283,0.850000,0.873245,0.023245,60031.804567,2499,15e13155a6a36d0e
489,economy,42,0.85,3,0.1,50,1,1000,2000,sustained,0,849,646,1848,516,459,0.850000,0.849551,-0.000449,397941.396261,18150,f7858597923d03e8
490,economy,43,0.85,3,0.1,50,1,1000,2000,sustained,0,893,710,1857,423,394,0.850000,0.850170,0.000170,396886.624707,18243,0448413acd92a6de
491,economy,44,0.85,3,0.1,50,1,1000,2000,sustained,0,803,746,1816,470,397,0.850000,0.850330,0.000330,397027.629982,18196,e512000a9c00ab55
492,economy,42,0.85,3,0.2,0,1,1000,2000,extinct,4901,0,0,1656,119,119,0.850000,0.000000,-0.850000,40372.428428,1881,21a2ad87e338463b
493,economy,43,0.85,3,0.2,0,1,1000,2000,extinct,6076,0,0,1617,146,146,0.850000,0.000000,-0.850000,39737.263215,1854,73618feba97ac736
494,economy,44,0.85,3,0.2,0,1,1000,2000,extinct,4872,0,0,1590,149,149,0.850000,0.000000,-0.850000,39658.716226,1851,5ad67bda1b205143
495,economy,42,0.85,3,0.2,2,1,1000,2000,extinct,5514,0,0,1657,715,159,0.850000,0.000000,-0.850000,41697.667026,1951,5d3a9eef184385d0
496,economy,43,0.85,3,0.2,2,1,1000,2000,extinct,5403,0,0,1617,730,172,0.850000,0.000000,-0.850000,41323.589992,1936,45e5391055991273
497,economy,44,0.85,3,0.2,2,1,1000,2000,extinct,6078,0,0,1591,722,180,0.850000,0.000000,-0.850000,41559.765362,1944,c919d0e9b3e9b193
498,economy,42,0.85,3,0.2,10,1,1000,2000,extinct,11459,0,0,1656,2000,270,0.850000,0.000000,-0.850000,47064.369243,2234,a013aee174ddf43c
499,economy,43,0.85,3,0.2,10,1,1000,2000,extinct,9144,0,0,1620,2000,296,0.850000,0.000000,-0.850000,47018.507960,2233,aab86297a9077826
500,economy,44,0.85,3,0.2,10,1,1000,2000,extinct,17232,0,0,1607,2000,314,0.850000,0.000000,-0.850000,48812.039239,2312,fcc666eae7dbc043
501,economy,42,0.85,3,0.2,50,1,1000,2000,sustained,0,802,596,1689,516,505,0.850000,0.850509,0.000509,354201.477939,18150,c9f2e56a41994e3d
502,economy,43,0.85,3,0.2,50,1,1000,2000,sustained,0,750,602,1661,510,509,0.850000,0.850670,0.000670,353672.306507,18156,e074fc245e7d4eb6
503,economy,44,0.85,3,0.2,50,1,1000,2000,sustained,0,766,515,1654,546,514,0.850000,0.849158,-0.000842,354579.658406,18120,a37ec8005b8ddaa1
504,economy,42,0.85,6,0.05,0,1,1000,2000,extinct,6006,0,0,1792,86,86,0.850000,0.000000,-0.850000,47374.867660,1914,de3802122041a376
505,economy,43,0.85,6,0.05,0,1,1000,2000,extinct,5903,0,0,1768,108,108,0.850000,0.000000,-0.850000,46871.029053,1892,08815bc6c6b4f491
506,economy,44,0.85,6,0.05,0,1,1000,2000,extinct,4851,0,0,1735,114,114,0.850000,0.000000,-0.850000,46623.946266,1886,66f54203998f6f78
507,economy,42,0.85,6,0.05,2,1,1000,2000,extinct,5300,0,0,1790,695,132,0.850000,0.000000,-0.850000,48672.209552,1971,d641ce098db0522c
508,economy,43,0.85,6,0.05,2,1,1000,2000,extinct,6312,0,0,1769,726,163,0.850000,0.000000,-0.850000,47944.336193,1940,9fe902d8aec9b062
509,economy,44,0.85,6,0.05,2,1,1000,2000,extinct,6015,0,0,1736,694,153,0.850000,0.000000,-0.850000,48702.508630,1972,24deeba71ca7646e
510,economy,42,0.85,6,0.05,10,1,1000,2000,sustained,0,273,16,1800,1293,254,0.850000,0.845546,-0.004454,99586.868693,4040,71a77d2163cd16be
511,economy,43,0.85,6,0.05,10,1,1000,2000,sustained,0,407,17,1789,785,278,0.850000,0.846623,-0.003377,112045.451091,4548,afb8c773326385e7
512,economy,44,0.85,6,0.05,10,1,1000,2000,sustained,0,203,8,1756,2000,293,0.850000,0.843573,-0.006427,77533.569226,3142,c766a29fbb73b45d
513,economy,42,0.85,6,0.05,50,1,1000,2000,sustained,0,926,723,1889,439,364,0.850000,0.849805,-0.000195,428236.241414,18227,ec559ffa839c7f22
514,economy,43,0.85,6,0.05,50,1,1000,2000,sustained,0,979,835,1900,360,360,0.850000,0.850093,0.000093,429601.691846,18306,1016bbeced747e6e
515,economy,44,0.85,6,0.05,50,1,1000,2000,sustained,0,962,740,1884,405,365,0.850000,0.849854,-0.000146,427734.574349,18261,034fb0242853a886
516,economy,42,0.85,6,0.1,0,1,1000,2000,extinct,5317,0,0,1783,91,91,0.850000,0.000000,-0.850000,47031.662898,1909,6957888dd3ef1cae
517,economy,43,0.85,6,0.1,0,1,1000,2000,extinct,5561,0,0,1762,99,99,0.850000,0.000000,-0.850000,46881.117312,1901,bc44059b00e1bee3
518,economy,44,0.85,6,0.1,0,1,1000,2000,extinct,8034,0,0,1731,102,102,0.850000,0.000000,-0.850000,46742.865836,1898,d4c6c40f6a9adcb4
519,economy,42,0.85,6,0.1,2,1,1000,2000,extinct,6800,0,0,1784,678,124,0.850000,0.000000,-0.850000,48856.033469,1988,08d107335aaa7477
520,economy,43,0.85,6,0.1,2,1,1000,2000,extinct,4874,0,0,1767,717,158,0.850000,0.000000,-0.850000,47950.935564,1949,f7d13ea6a0c91dec
521,economy,44,0.85,6,0.1,2,1,1000,2000,extinct,7259,0,0,1733,704,157,0.850000,0.000000,-0.850000,48295.878650,1962,4c70e292ec35fddc
522,economy,42,0.85,6,0.1,10,1,1000,2000,sustained,0,358,21,1794,1290,251,0.850000,0.854391,0.004391,98773.585162,4043,ef5536b988930d84
523,economy,43,0.85,6,0.1,10,1,1000,2000,sustained,0,411,37,1781,1281,294,0.850000,0.864967,0.014967,98903.626393,4052,01fb278e20b8a486
524,economy,44,0.85,6,0.1,10,1,1000,2000,sustained,0,235,3,1753,2000,293,0.850000,0.810684,-0.039316,76300.005962,3128,4fa51588a0d476d1
525,economy,42,0.85,6,0.1,50,1,1000,2000,sustained,0,918,796,1888,432,352,0.850000,0.850230,0.000230,425462.678266,18234,67c27f37aa2f6153
526,economy,43,0.85,6,0.1,50,1,1000,2000,sustained,0,941,700,1888,414,377,0.850000,0.849014,-0.000986,425026.819307,18252,52bfbcb1a1d49424
527,economy,44,0.85,6,0.1,50,1,1000,2000,sustained,0,910,806,1866,448,394,0.850000,0.850771,0.000771,424989.552832,18218,2cd3c5c822b4e6f6
528,economy,42,0.85,6,0.2,0,1,1000,2000,extinct,5413,0,0,1656,126,126,0.850000,0.000000,-0.850000,40234.644283,1874,773e1b63f09481d5
529,economy,43,0.85,6,0.2,0,1,1000,2000,extinct,4917,0,0,1617,139,139,0.850000,0.000000,-0.850000,39870.025030,1861,ada3da4edd41398c
530,economy,44,0.85,6,0.2,0,1,1000,2000,extinct,4810,0,0,1590,143,143,0.850000,0.000000,-0.850000,39795.227108,1857,6c319a922e3c9632
531,economy,42,0.85,6,0.2,2,1,1000,2000,extinct,6608,0,0,1657,712,161,0.850000,0.000000,-0.850000,41842.204417,1954,157dd0b5430b1a26
532,economy,43,0.85,6,0.2,2,1,1000,2000,extinct,6346,0,0,1617,743,186,0.850000,0.000000,-0.850000,41096.188653,1923,113620c2b03f8171
533,economy,44,0.85,6,0.2,2,1,1000,2000,extinct,5035,0,0,1593,784,220,0.850000,0.000000,-0.850000,40326.465427,1882,5cb44d241f70b6c4
534,economy,42,0.85,6,0.2,10,1,1000,2000,remnant,0,5,2,1666,2000,299,0.850000,0.837494,-0.012506,48829.352274,2297,717a24028360f572
535,economy,43,0.85,6,0.2,10,1,1000,2000,sustained,0,108,1,1620,2000,264,0.850000,0.861321,0.011321,61456.351461,2856,724a833c7875e6f5
536,economy,44,0.85,6,0.2,10,1,1000,2000,remnant,0,14,1,1608,2000,272,0.850000,0.853927,0.003927,51688.362203,2432,0014bae1f6b91651
537,economy,42,0.85,6,0.2,50,1,1000,2000,sustained,0,782,586,1701,545,516,0.850000,0.851398,0.001398,372867.233713,18121,d77f856ee88db3fb
538,economy,43,0.85,6,0.2,50,1,1000,2000,sustained,0,819,691,1681,478,451,0.850000,0.851472,0.001472,371930.572895,18188,54fc198b2850703e
539,economy,44,0.85,6,0.2,50,1,1000,2000,sustained,0,714,663,1676,595,431,0.850000,0.849435,-0.000565,369855.616674,18071,8668d906da58c376
540,economy,42,-1,1.5,0.05,0,1,1000,2000,extinct,9260,0,0,1720,84,84,0.538551,0.000000,-0.538551,47996.542090,1916,fc05b42dd5d5b016
541,economy,43,-1,1.5,0.05,0,1,1000,2000,extinct,5890,0,0,1720,76,76,0.516103,0.000000,-0.516103,48169.673506,1924,961d872df84a2c28
542,economy,44,-1,1.5,0.05,0,1,1000,2000,extinct,7846,0,0,1661,146,146,0.521767,0.000000,-0.521767,46446.705637,1854,7e7d1bacdec0e43b
543,economy,42,-1,1.5,0.05,2,1,1000,2000,extinct,6333,0,0,1727,700,151,0.538551,0.000000,-0.538551,48994.051057,1966,f38cdc1de7f7268c
544,economy,43,-1,1.5,0.05,2,1,1000,2000,extinct,5594,0,0,1717,711,149,0.516103,0.000000,-0.516103,48667.655964,1955,0d65ca05dd51d489
545,economy,44,-1,1.5,0.05,2,1,1000,2000,extinct,6885,0,0,1667,720,181,0.521767,0.000000,-0.521767,48373.222079,1946,e14b098143e70b95
546,economy,42,-1,1.5,0.05,10,1,1000,2000,sustained,0,78,4,1722,2000,239,0.538551,0.775490,0.236939,65713.780340,2701,bcb795f41178d6e1
547,economy,43,-1,1.5,0.05,10,1,1000,2000,sustained,0,343,7,1731,1769,272,0.516103,0.807810,0.291707,86100.884751,3564,11a44c7b00814245
548,economy,44,-1,1.5,0.05,10,1,1000,2000,sustained,0,133,16,1669,2000,271,0.521767,0.693719,0.171951,79013.767066,3243,c222f3017fb9cba5
549,economy,42,-1,1.5,0.05,50,1,1000,2000,sustained,0,804,648,1790,542,497,0.538551,0.576146,0.037595,377366.137639,18124,ce93f10c26500714
550,economy,43,-1,1.5,0.05,50,1,1000,2000,sustained,0,758,626,1787,515,469,0.516103,0.553330,0.037227,375534.973524,18151,38b0cd0fb7a36995
551,economy,44,-1,1.5,0.05,50,1,1000,2000,sustained,0,773,712,1754,543,461,0.521767,0.528177,0.006409,375679.991402,18123,44932f2f3173c1db
552,economy,42,-1,1.5,0.1,0,1,1000,2000,extinct,6940,0,0,1704,112,112,0.538551,0.000000,-0.538551,45976.730849,1888,4ce4b32cb1758948
553,economy,43,-1,1.5,0.1,0,1,1000,2000,extinct,5295,0,0,1703,106,106,0.516103,0.000000,-0.516103,46141.906898,1894,2e1b412fe235587c
554,economy,44,-1,1.5,0.1,0,1,1000,2000,extinct,5621,0,0,1648,131,131,0.521767,0.000000,-0.521767,45513.141069,1869,33c547621c566e4e
555,economy,42,-1,1.5,0.1,2,1,1000,2000,extinct,5246,0,0,1707,762,189,0.538551,0.000000,-0.538551,46080.703119,1904,30b2f3a222d4c00d
556,economy,43,-1,1.5,0.1,2,1,1000,2000,extinct,7943,0,0,1709,678,130,0.516103,0.000000,-0.516103,47985.221040,1988,e120a2e970744c3d
557,economy,44,-1,1.5,0.1,2,1,1000,2000,extinct,6532,0,0,1647,696,159,0.521767,0.000000,-0.521767,47653.157862,1970,60b926d7b95f65c7
558,economy,42,-1,1.5,0.1,10,1,1000,2000,sustained,0,394,12,1714,973,258,0.538551,0.796745,0.258194,102627.463263,4360,1fc452e7d2fd6aa8
559,economy,43,-1,1.5,0.1,10,1,1000,2000,extinct,5833,0,0,1726,2000,270,0.516103,0.000000,-0.516103,52039.690662,2215,b47ca82f56f0b54b
560,economy,44,-1,1.5,0.1,10,1,1000,2000,remnant,0,2,1,1664,2000,278,0.521767,0.429821,-0.091947,55327.355803,2340,944685b7f29afd60
561,economy,42,-1,1.5,0.1,50,1,1000,2000,sustained,0,749,627,1735,601,559,0.538551,0.579098,0.040547,365301.982554,18065,d26edf618b298e3d
562,economy,43,-1,1.5,0.1,50,1,1000,2000,sustained,0,744,633,1775,546,540,0.516103,0.546594,0.030491,365260.784701,18120,fe65a58c20f8e4bb
563,economy,44,-1,1.5,0.1,50,1,1000,2000,sustained,0,791,589,1740,579,484,0.521767,0.561129,0.039362,367421.643717,18087,4964382577b546d7
564,economy,42,-1,1.5,0.2,0,1,1000,2000,extinct,6829,0,0,1661,96,96,0.538551,0.000000,-0.538551,43839.631015,1904,b435956419ff8eec
565,economy,43,-1,1.5,0.2,0,1,1000,2000,extinct,8146,0,0,1657,117,117,0.516103,0.000000,-0.516103,43291.316408,1883,a7e2157834e24140
566,economy,44,-1,1.5,0.2,0,1,1000,2000,extinct,6200,0,0,1591,94,94,0.521767,0.000000,-0.521767,43862.983135,1906,874366aa1365e342
567,economy,42,-1,1.5,0.2,2,1,1000,2000,extinct,5336,0,0,1668,699,154,0.538551,0.000000,-0.538551,44882.889689,1967,36a0d256c41a49d0
568,economy,43,-1,1.5,0.2,2,1,1000,2000,extinct,6198,0,0,1669,699,145,0.516103,0.000000,-0.516103,44960.720333,1967,be6daa4f86850e49
569,economy,44,-1,1.5,0.2,2,1,1000,2000,extinct,5964,0,0,1591,711,152,0.521767,0.000000,-0.521767,44729.740172,1955,d0ff0f828d69d7b5
570,economy,42,-1,1.5,0.2,10,1,1000,2000,remnant,0,12,3,1663,2000,275,0.538551,0.569504,0.030952,53055.289178,2378,1e3a5dc51b7c2f65
571,economy,43,-1,1.5,0.2,10,1,1000,2000,sustained,0,389,9,1668,1540,249,0.516103,0.840537,0.324434,83837.553279,3793,9deaf3cf74e60354
572,economy,44,-1,1.5,0.2,10,1,1000,2000,remnant,0,18,1,1590,2000,284,0.521767,0.500527,-0.021241,53385.420322,2401,605bc03ca0effa64
573,economy,42,-1,1.5,0.2,50,1,1000,2000,sustained,0,700,521,1704,590,562,0.538551,0.586480,0.047928,346941.930097,18076,b288e33cedda2b04
574,economy,43,-1,1.5,0.2,50,1,1000,2000,sustained,0,720,571,1698,618,568,0.516103,0.557534,0.041431,343867.292534,18048,fc00147762dbb227
575,economy,44,-1,1.5,0.2,50,1,1000,2000,sustained,0,726,539,1674,641,560,0.521767,0.569378,0.047610,344503.051227,18025,efaecb761ca2a4f4
576,economy,42,-1,3,0.05,0,1,1000,2000,extinct,5360,0,0,1730,107,107,0.538551,0.000000,-0.538551,48498.016085,1893,f1a46910cdfb4132
577,economy,43,-1,3,0.05,0,1,1000,2000,extinct,5862,0,0,1726,130,130,0.516103,0.000000,-0.516103,47942.961358,1870,2e423188d8fddfbb
578,economy,44,-1,3,0.05,0,1,1000,2000,extinct,11799,0,0,1716,139,139,0.521767,0.000000,-0.521767,47882.456742,1861,66b7a0251677b146
579,economy,42,-1,3,0.05,2,1,1000,2000,extinct,7317,0,0,1738,713,164,0.538551,0.000000,-0.538551,49792.940693,1953,967dcde91b560561
580,economy,43,-1,3,0.05,2,1,1000,2000,extinct,7509,0,0,1726,679,141,0.516103,0.000000,-0.516103,50656.264117,1987,04d925dbba899c0e
581,economy,44,-1,3,0.05,2,1,1000,2000,extinct,8622,0,0,1712,701,166,0.521767,0.000000,-0.521767,50085.141719,1965,cdd5660c70efed3e
582,economy,42,-1,3,0.05,10,1,1000,2000,sustained,0,284,14,1754,2000,319,0.538551,0.784850,0.246299,81827.732348,3255,244cb4707fcbd5ad
583,economy,43,-1,3,0.05,10,1,1000,2000,sustained,0,167,19,1753,2000,247,0.516103,0.758195,0.242092,82070.623940,3290,5804978013a49f62
584,economy,44,-1,3,0.05,10,1,1000,2000,sustained,0,309,21,1716,1720,280,0.521767,0.807394,0.285627,90491.389731,3613,3c0042d96928d170
585,economy,42,-1,3,0.05,50,1,1000,2000,sustained,0,967,741,1839,410,403,0.538551,0.577599,0.039048,410851.750148,18256,c4f5ffa58e070c9f
586,economy,43,-1,3,0.05,50,1,1000,2000,sustained,0,874,801,1861,395,369,0.516103,0.523408,0.007305,408739.252895,18271,ce13e0ca82ce4ccc
587,economy,44,-1,3,0.05,50,1,1000,2000,sustained,0,857,721,1849,477,443,0.521767,0.542339,0.020572,410422.301244,18189,b8681a792f6c185a
588,economy,42,-1,3,0.1,0,1,1000,2000,extinct,7392,0,0,1717,86,86,0.538551,0.000000,-0.538551,47519.495212,1914,2072d9cd6b1676c8
589,economy,43,-1,3,0.1,0,1,1000,2000,extinct,6522,0,0,1724,93,93,0.516103,0.000000,-0.516103,47321.191749,1907,2c8e7b76446012c7
590,economy,44,-1,3,0.1,0,1,1000,2000,extinct,8783,0,0,1679,135,135,0.521767,0.000000,-0.521767,46388.672810,1865,20ae05d226859fee
591,economy,42,-1,3,0.1,2,1,1000,2000,extinct,7225,0,0,1718,713,159,0.538551,0.000000,-0.538551,48370.297456,1953,fe3fa513c9651565
592,economy,43,-1,3,0.1,2,1,1000,2000,extinct,5364,0,0,1728,707,151,0.516103,0.000000,-0.516103,48388.573323,1959,f562456e0d453768
593,economy,44,-1,3,0.1,2,1,1000,2000,extinct,5141,0,0,1682,727,171,0.521767,0.000000,-0.521767,47938.961194,1939,5e6ae54891467ca5
594,economy,42,-1,3,0.1,10,1,1000,2000,sustained,0,263,14,1726,2000,240,0.538551,0.734745,0.196193,79782.064110,3278,340378c414378df9
595,economy,43,-1,3,0.1,10,1,1000,2000,sustained,0,156,16,1741,1812,260,0.516103,0.700850,0.184747,85219.321633,3521,92b4820285b07755
596,economy,44,-1,3,0.1,10,1,1000,2000,sustained,0,295,32,1671,776,275,0.521767,0.733772,0.212005,110050.751245,4557,9be6b76d795a128f
597,economy,42,-1,3,0.1,50,1,1000,2000,sustained,0,806,638,1814,476,431,0.538551,0.578408,0.039857,396509.352044,18190,c46edce1dfe1688c
598,economy,43,-1,3,0.1,50,1,1000,2000,sustained,0,799,720,1841,471,401,0.516103,0.536029,0.019926,396201.279382,18195,e1bedda7f07dd7f3
599,economy,44,-1,3,0.1,50,1,1000,2000,sustained,0,908,645,1796,454,394,0.521767,0.561003,0.039236,397621.639747,18212,9d33e7603ef1b8a1
600,economy,42,-1,3,0.2,0,1,1000,2000,extinct,6866,0,0,1684,119,119,0.538551,0.000000,-0.538551,44103.998156,1881,2786e326f25c0bb1
601,economy,43,-1,3,0.2,0,1,1000,2000,extinct,5735,0,0,1663,92,92,0.516103,0.000000,-0.516103,44687.820547,1908,c672c54b7e878fab
602,economy,44,-1,3,0.2,0,1,1000,2000,extinct,4789,0,0,1597,112,112,0.521767,0.000000,-0.521767,44144.362989,1888,00d4347668b1129e
603,economy,42,-1,3,0.2,2,1,1000,2000,extinct,6947,0,0,1678,701,155,0.538551,0.000000,-0.538551,45808.230883,1965,cefe0d6998e5d0d1
604,economy,43,-1,3,0.2,2,1,1000,2000,extinct,5385,0,0,1679,689,130,0.516103,0.000000,-0.516103,46194.027176,1977,8f261bc25393aa63
605,economy,44,-1,3,0.2,2,1,1000,2000,extinct,4894,0,0,1597,728,164,0.521767,0.000000,-0.521767,45123.835890,1938,4c00277dc65a97e2
606,economy,42,-1,3,0.2,10,1,1000,2000,sustained,0,391,10,1694,1109,269,0.538551,0.770932,0.232380,96807.828498,4224,c30a762e66fa8ec4
607,economy,43,-1,3,0.2,10,1,1000,2000,sustained,0,179,12,1686,1938,272,0.516103,0.785116,0.269013,77622.923916,3395,1e5d3f4d0db4c3ac
608,economy,44,-1,3,0.2,10,1,1000,2000,sustained,0,216,19,1607,1681,264,0.521767,0.760004,0.238236,83519.292474,3652,193bf0e313b20ebf
609,economy,42,-1,3,0.2,50,1,1000,2000,sustained,0,866,572,1745,475,472,0.538551,0.603616,0.065065,374265.553804,18191,a332a394689ba648
610,economy,43,-1,3,0.2,50,1,1000,2000,sustained,0,783,629,1755,483,446,0.516103,0.556786,0.040682,376050.544917,18183,b20c7230c3d87d52
611,economy,44,-1,3,0.2,50,1,1000,2000,sustained,0,769,650,1706,520,469,0.521767,0.545859,0.024091,376857.913902,18146,721027afb594afa2
612,economy,42,-1,6,0.05,0,1,1000,2000,extinct,6467,0,0,1804,99,99,0.538551,0.000000,-0.538551,50758.287648,1901,15f7e9a62f304070
613,economy,43,-1,6,0.05,0,1,1000,2000,extinct,6078,0,0,1789,103,103,0.516103,0.000000,-0.516103,50767.485776,1897,7b53600f39878398
614,economy,44,-1,6,0.05,0,1,1000,2000,extinct,5985,0,0,1756,125,125,0.521767,0.000000,-0.521767,49871.606319,1875,b173f51291976ab5
615,economy,42,-1,6,0.05,2,1,1000,2000,extinct,9383,0,0,1814,693,141,0.538551,0.000000,-0.538551,52556.305207,1973,fa606365ace05e52
616,economy,43,-1,6,0.05,2,1,1000,2000,extinct,5956,0,0,1781,684,131,0.516103,0.000000,-0.516103,52864.961376,1982,9508746688b0481f
617,economy,44,-1,6,0.05,2,1,1000,2000,extinct,10697,0,0,1759,706,154,0.521767,0.000000,-0.521767,52212.210861,1960,43269ce655d2e50f
618,economy,42,-1,6,0.05,10,1,1000,2000,sustained,0,262,32,1810,979,251,0.538551,0.698926,0.160375,113336.880526,4354,19be1d9d274c9ba7
619,economy,43,-1,6,0.05,10,1,1000,2000,sustained,0,223,43,1816,812,221,0.516103,0.695463,0.179360,117358.379442,4521,a03154306a980f51
620,economy,44,-1,6,0.05,10,1,1000,2000,remnant,0,6,2,1771,2000,291,0.521767,0.340845,-0.180922,61366.036685,2305,010f82ad67cbf9b3
621,economy,42,-1,6,0.05,50,1,1000,2000,sustained,0,917,765,1957,438,345,0.538551,0.563663,0.025111,440659.375781,18228,e4d85f1d257e4598
622,economy,43,-1,6,0.05,50,1,1000,2000,sustained,0,937,854,1977,379,338,0.516103,0.527314,0.011211,441704.092084,18287,68353e9fcadaeb18
623,economy,44,-1,6,0.05,50,1,1000,2000,sustained,0,972,862,1946,400,336,0.521767,0.531535,0.009767,440274.932952,18266,37f1c7e4f40940f2
624,economy,42,-1,6,0.1,0,1,1000,2000,extinct,4930,0,0,1766,93,93,0.538551,0.000000,-0.538551,48874.450263,1907,75f119700ad47fb2
625,economy,43,-1,6,0.1,0,1,1000,2000,extinct,6227,0,0,1746,70,70,0.516103,0.000000,-0.516103,49590.232086,1930,c10ed038e0d61437
626,economy,44,-1,6,0.1,0,1,1000,2000,extinct,6736,0,0,1707,109,109,0.521767,0.000000,-0.521767,48398.975247,1891,4b517f19d9897d91
627,economy,42,-1,6,0.1,2,1,1000,2000,extinct,8875,0,0,1759,689,153,0.538551,0.000000,-0.538551,50683.645335,1977,29bd9750b5fbbb28
628,economy,43,-1,6,0.1,2,1,1000,2000,extinct,5905,0,0,1761,710,151,0.516103,0.000000,-0.516103,50124.611309,1956,2b4085370299e736
629,economy,44,-1,6,0.1,2,1,1000,2000,extinct,7786,0,0,1713,695,159,0.521767,0.000000,-0.521767,50392.922201,1971,c62d318d02e829bc
630,economy,42,-1,6,0.1,10,1,1000,2000,sustained,0,524,18,1800,937,235,0.538551,0.830004,0.291453,109943.259277,4396,d77c2ea8ce1a9d2e
631,economy,43,-1,6,0.1,10,1,1000,2000,sustained,0,254,35,1788,449,251,0.516103,0.708926,0.192823,122142.153358,4884,a3e03453d7cfdcdc
632,economy,44,-1,6,0.1,10,1,1000,2000,sustained,0,90,23,1729,2000,226,0.521767,0.680810,0.159043,76605.856354,3017,2e8e052f236f92d1
633,economy,42,-1,6,0.1,50,1,1000,2000,sustained,0,893,686,1916,443,389,0.538551,0.571639,0.033087,425630.895444,18223,ec5389694d1ba452
634,economy,43,-1,6,0.1,50,1,1000,2000,sustained,0,953,802,1900,415,348,0.516103,0.542493,0.026390,424595.437607,18251,9308431b9a922b5d
635,economy,44,-1,6,0.1,50,1,1000,2000,sustained,0,915,788,1834,448,361,0.521767,0.539632,0.017864,426689.312148,18218,51d9453ca821127c
636,economy,42,-1,6,0.2,0,1,1000,2000,extinct,4660,0,0,1707,94,94,0.538551,0.000000,-0.538551,45886.663412,1906,f6f80c918436f6f7
637,economy,43,-1,6,0.2,0,1,1000,2000,extinct,5654,0,0,1688,107,107,0.516103,0.000000,-0.516103,45762.243982,1893,850c4cf8f9bd7a7f
638,economy,44,-1,6,0.2,0,1,1000,2000,extinct,5114,0,0,1655,137,137,0.521767,0.000000,-0.521767,44814.715698,1863,02f296cb271e95bd
639,economy,42,-1,6,0.2,2,1,1000,2000,extinct,9786,0,0,1713,720,171,0.538551,0.000000,-0.538551,46981.905248,1946,cfa85e5e3125332b
640,economy,43,-1,6,0.2,2,1,1000,2000,extinct,5844,0,0,1699,706,154,0.516103,0.000000,-0.516103,47163.414677,1960,2b35e4e9e4f5c709
641,economy,44,-1,6,0.2,2,1,1000,2000,extinct,5344,0,0,1657,708,153,0.521767,0.000000,-0.521767,46972.011389,1958,ec2f41e3fb7d886d
642,economy,42,-1,6,0.2,10,1,1000,2000,remnant,0,5,4,1713,2000,263,0.538551,0.443703,-0.094848,60088.987547,2501,c806a32d3fcf4303
643,economy,43,-1,6,0.2,10,1,1000,2000,extinct,6936,0,0,1713,2000,274,0.516103,0.000000,-0.516103,53203.773100,2236,a106fdc69513b829
644,economy,44,-1,6,0.2,10,1,1000,2000,sustained,0,51,2,1680,2000,295,0.521767,0.411737,-0.110030,58008.315816,2414,0b1aaff4f46e1dc5
645,economy,42,-1,6,0.2,50,1,1000,2000,sustained,0,865,716,1804,379,339,0.538551,0.571393,0.032841,402064.597347,18287,360fa91b0d5eade6
646,economy,43,-1,6,0.2,50,1,1000,2000,sustained,0,771,765,1815,494,391,0.516103,0.521702,0.005599,399422.704879,18172,043e02a8cb02be7c
647,economy,44,-1,6,0.2,50,1,1000,2000,sustained,0,859,689,1763,473,406,0.521767,0.553793,0.032025,402007.220888,18193,84bd988d3ee79998
648,critical,42,0.05,3,0.1,0,1,1000,2000,sustained,0,112,111,1000,2000,2000,0.050000,0.050000,-0.000000,89126.188741,0,a13efc51761c04dc
649,critical,43,0.05,3,0.1,0,1,1000,2000,sustained,0,153,151,1000,2000,2000,0.050000,0.050205,0.000205,97229.252582,0,23707205b1a935d2
650,critical,44,0.05,3,0.1,0,1,1000,2000,sustained,0,137,136,1000,2000,2000,0.050000,0.050389,0.000389,96910.623787,0,cae5b5724e3a9452
651,critical,42,0.05,3,0.1,1,1,1000,2000,sustained,0,112,111,1000,2000,2000,0.050000,0.050000,-0.000000,89126.188741,0,c61cf3c048fad1bb
652,critical,43,0.05,3,0.1,1,1,1000,2000,sustained,0,153,151,1000,2000,2000,0.050000,0.050205,0.000205,97229.252582,0,752267dcd6c85251
653,critical,44,0.05,3,0.1,1,1,1000,2000,sustained,0,137,136,1000,2000,2000,0.050000,0.050389,0.000389,96910.623787,0,731cab448b5b05d1
654,critical,42,0.05,3,0.1,2,1,1000,2000,sustained,0,112,111,1000,2000,2000,0.050000,0.050000,-0.000000,89126.188741,0,c5e613c048cbc5ab
655,critical,43,0.05,3,0.1,2,1,1000,2000,sustained,0,153,151,1000,2000,2000,0.050000,0.050205,0.000205,97229.252582,0,777887dcd8c47e81
656,critical,44,0.05,3,0.1,2,1,1000,2000,sustained,0,137,136,1000,2000,2000,0.050000,0.050389,0.000389,96910.623787,0,720ccb448a740901
657,critical,42,0.05,3,0.1,5,1,1000,2000,sustained,0,112,111,1000,2000,2000,0.050000,0.050000,-0.000000,89126.188741,0,94a7927255c22fe8
658,critical,43,0.05,3,0.1,5,1,1000,2000,sustained,0,153,151,1000,2000,2000,0.050000,0.050205,0.000205,97229.252582,0,0d4741c98d1e7162
659,critical,44,0.05,3,0.1,5,1,1000,2000,sustained,0,137,136,1000,2000,2000,0.050000,0.050389,0.000389,96910.623787,0,207a9e2dd11d11e2
660,critical,42,0.05,3,0.1,10,1,1000,2000,sustained,0,112,111,1000,2000,2000,0.050000,0.050000,-0.000000,89126.188741,0,947132725593fd58
661,critical,43,0.05,3,0.1,10,1,1000,2000,sustained,0,153,151,1000,2000,2000,0.050000,0.050205,0.000205,97229.252582,0,0d7e21c98d4d7d72
662,critical,44,0.05,3,0.1,10,1,1000,2000,sustained,0,137,136,1000,2000,2000,0.050000,0.050389,0.000389,96910.623787,0,20b17e2dd14c1df2
663,critical,42,0.05,3,0.1,25,1,1000,2000,sustained,0,112,111,1000,2000,2000,0.050000,0.050000,-0.000000,89126.188741,0,d094f9610d7f0085
664,critical,43,0.05,3,0.1,25,1,1000,2000,sustained,0,153,151,1000,2000,2000,0.050000,0.050205,0.000205,97229.252582,0,2be4e9f24082addf
665,critical,44,0.05,3,0.1,25,1,1000,2000,sustained,0,137,136,1000,2000,2000,0.050000,0.050389,0.000389,96910.623787,0,9b4b92462e45a15f
666,critical,42,0.05,3,0.1,50,1,1000,2000,sustained,0,112,111,1000,2000,2000,0.050000,0.050000,-0.000000,89126.188741,0,d05e19610d4ff475
667,critical,43,0.05,3,0.1,50,1,1000,2000,sustained,0,153,151,1000,2000,2000,0.050000,0.050205,0.000205,97229.252582,0,2c1bc9f240b1b9ef
668,critical,44,0.05,3,0.1,50,1,1000,2000,sustained,0,137,136,1000,2000,2000,0.050000,0.050389,0.000389,96910.623787,0,9b8272462e74ad6f
669,critical,42,0.1,3,0.1,0,1,1000,2000,sustained,0,568,561,1376,2000,2000,0.100000,0.099895,-0.000105,328643.425257,0,73c7a35a8d1188eb
670,critical,43,0.1,3,0.1,0,1,1000,2000,sustained,0,627,616,1422,2000,2000,0.100000,0.099858,-0.000142,348295.776816,0,cf37f22f91204f04
671,critical,44,0.1,3,0.1,0,1,1000,2000,sustained,0,575,546,1384,2000,2000,0.100000,0.100525,0.000525,330898.756615,0,a6f0dc871b64b540
672,critical,42,0.1,3,0.1,1,1,1000,2000,sustained,0,568,561,1376,2000,2000,0.100000,0.099895,-0.000105,328643.425257,0,e1c4046c2e37e9b8
673,critical,43,0.1,3,0.1,1,1,1000,2000,sustained,0,627,616,1422,2000,2000,0.100000,0.099858,-0.000142,348295.776816,0,94bf5ed68cfaa503
674,critical,44,0.1,3,0.1,1,1,1000,2000,sustained,0,575,546,1384,2000,2000,0.100000,0.100525,0.000525,330898.756615,0,277f781a44cfa037
675,critical,42,0.1,3,0.1,2,1,1000,2000,sustained,0,568,561,1376,2000,2000,0.100000,0.099895,-0.000105,328643.425257,0,e3ace46c2fd6d748
676,critical,43,0.1,3,0.1,2,1,1000,2000,sustained,0,627,616,1422,2000,2000,0.100000,0.099858,-0.000142,348295.776816,0,9488fed68ccc7273
677,critical,44,0.1,3,0.1,2,1,1000,2000,sustained,0,575,546,1384,2000,2000,0.100000,0.100525,0.000525,330898.756615,0,26dc581a44450887
678,critical,42,0.1,3,0.1,5,1,1000,2000,sustained,0,568,561,1376,2000,2000,0.100000,0.099895,-0.000105,328643.425257,0,689b340cc8d22ea3
679,critical,43,0.1,3,0.1,5,1,1000,2000,sustained,0,627,616,1422,2000,2000,0.100000,0.099858,-0.000142,348295.776816,0,71c555377804aa00
680,critical,44,0.1,3,0.1,5,1,1000,2000,sustained,0,575,546,1384,2000,2000,0.100000,0.100525,0.000525,330898.756615,0,3a8b261c5c6445cc
681,critical,42,0.1,3,0.1,10,1,1000,2000,sustained,0,568,561,1376,2000,2000,0.100000,0.099895,-0.000105,328643.425257,0,6864540cc8a32293
682,critical,43,0.1,3,0.1,10,1,1000,2000,sustained,0,627,616,1422,2000,2000,0.100000,0.099858,-0.000142,348295.776816,0,72687537788f41b0
683,critical,44,0.1,3,0.1,10,1,1000,2000,sustained,0,575,546,1384,2000,2000,0.100000,0.100525,0.000525,330898.756615,0,3a55461c5c36ecbc
684,critical,42,0.1,3,0.1,25,1,1000,2000,sustained,0,568,561,1376,2000,2000,0.100000,0.099895,-0.000105,328643.425257,0,9f6d076db5829576
685,critical,43,0.1,3,0.1,25,1,1000,2000,sustained,0,627,616,1422,2000,2000,0.100000,0.099858,-0.000142,348295.776816,0,5d7a4348efe6d85d
686,critical,44,0.1,3,0.1,25,1,1000,2000,sustained,0,575,546,1384,2000,2000,0.100000,0.100525,0.000525,330898.756615,0,85986234767d6a79
687,critical,42,0.1,3,0.1,50,1,1000,2000,sustained,0,568,561,1376,2000,2000,0.100000,0.099895,-0.000105,328643.425257,0,9fa3e76db5b1a186
688,critical,43,0.1,3,0.1,50,1,1000,2000,sustained,0,627,616,1422,2000,2000,0.100000,0.099858,-0.000142,348295.776816,0,5d446348efb97f4d
689,critical,44,0.1,3,0.1,50,1,1000,2000,sustained,0,575,546,1384,2000,2000,0.100000,0.100525,0.000525,330898.756615,0,8562823476501169
690,critical,42,0.15,3,0.1,0,1,1000,2000,sustained,0,410,399,1439,1470,1470,0.150000,0.150499,0.000499,318323.296920,530,5d18d6beb2d6a498
691,critical,43,0.15,3,0.1,0,1,1000,2000,remnant,0,45,44,1508,482,482,0.150000,0.150482,0.000482,250577.274968,1518,2f325cc01eef5d84
692,critical,44,0.15,3,0.1,0,1,1000,2000,remnant,0,39,35,1475,431,431,0.150000,0.151236,0.001236,243430.609075,1569,f3d1abd94b41cafd
693,critical,42,0.15,3,0.1,1,1,1000,2000,sustained,0,307,306,1439,1518,1494,0.150000,0.150261,0.000261,308995.290229,815,e20c9900f20f252b
694,critical,43,0.15,3,0.1,1,1,1000,2000,sustained,0,120,111,1510,747,710,0.150000,0.150138,0.000138,268027.626949,1586,acfd31b5836dac79
695,critical,44,0.15,3,0.1,1,1,1000,2000,sustained,0,477,470,1470,1615,1615,0.150000,0.149539,-0.000461,343087.649259,718,f837b058246ffd97
696,critical,42,0.15,3,0.1,2,1,1000,2000,sustained,0,434,434,1439,2000,2000,0.150000,0.150000,-0.000000,327536.315700,534,b80b27f20508dd46
697,critical,43,0.15,3,0.1,2,1,1000,2000,sustained,0,468,465,1501,1962,1906,0.150000,0.150047,0.000047,330637.188359,704,7dc8d80f6781b24b
698,critical,44,0.15,3,0.1,2,1,1000,2000,sustained,0,433,433,1473,1949,1949,0.150000,0.150000,-0.000000,338002.137850,717,de9b98b10d5cabd2
699,critical,42,0.15,3,0.1,5,1,1000,2000,sustained,0,434,434,1439,2000,2000,0.150000,0.150000,-0.000000,327536.315700,534,41ccc391f95695ce
700,critical,43,0.15,3,0.1,5,1,1000,2000,sustained,0,481,473,1501,2000,2000,0.150000,0.150041,0.000041,333328.465693,606,c5cbfb8dbc78d839
701,critical,44,0.15,3,0.1,5,1,1000,2000,sustained,0,445,445,1473,2000,2000,0.150000,0.150000,-0.000000,338540.429042,681,fb8eb8adbc79b3e1
702,critical,42,0.15,3,0.1,10,1,1000,2000,sustained,0,434,434,1439,2000,2000,0.150000,0.150000,-0.000000,327536.315700,534,f14459f80d73c924
703,critical,43,0.15,3,0.1,10,1,1000,2000,sustained,0,481,473,1501,2000,2000,0.150000,0.150041,0.000041,333328.465693,606,eb5e2b00db71c7cb
704,critical,44,0.15,3,0.1,10,1,1000,2000,sustained,0,445,445,1473,2000,2000,0.150000,0.150000,-0.000000,338540.429042,681,a29a8d18ed81e25f
705,critical,42,0.15,3,0.1,25,1,1000,2000,sustained,0,434,434,1439,2000,2000,0.150000,0.150000,-0.000000,327536.315700,534,e9c6817fb911e130
706,critical,43,0.15,3,0.1,25,1,1000,2000,sustained,0,481,473,1501,2000,2000,0.150000,0.150041,0.000041,333328.465693,606,2c5aefa6cd778a48
707,critical,44,0.15,3,0.1,25,1,1000,2000,sustained,0,445,445,1473,2000,2000,0.150000,0.150000,-0.000000,338540.429042,681,127f105d304d7ae5
708,critical,42,0.15,3,0.1,50,1,1000,2000,sustained,0,434,434,1439,2000,2000,0.150000,0.150000,-0.000000,327536.315700,534,93f171df96533611
709,critical,43,0.15,3,0.1,50,1,1000,2000,sustained,0,481,473,1501,2000,2000,0.150000,0.150041,0.000041,333328.465693,606,fbad12560a8fcd57
710,critical,44,0.15,3,0.1,50,1,1000,2000,sustained,0,445,445,1473,2000,2000,0.150000,0.150000,-0.000000,338540.429042,681,05273fffae4ba2b3
711,critical,42,0.2,3,0.1,0,1,1000,2000,resource-collapse,0,3,2,1531,120,120,0.200000,0.195926,-0.004074,81446.091559,1880,9574ca8328fea2bc
712,critical,43,0.2,3,0.1,0,1,1000,2000,resource-collapse,0,5,2,1541,114,114,0.200000,0.204533,0.004533,79357.950918,1886,d422df7813eac975
713,critical,44,0.2,3,0.1,0,1,1000,2000,resource-collapse,0,9,5,1500,118,118,0.200000,0.202854,0.002854,78214.304698,1882,b4c45b4cb34528d8
714,critical,42,0.2,3,0.1,1,1,1000,2000,remnant,0,7,6,1553,416,163,0.200000,0.190496,-0.009504,84896.473687,1917,d66f66987e0bf5a0
715,critical,43,0.2,3,0.1,1,1,1000,2000,remnant,0,4,3,1555,402,154,0.200000,0.191699,-0.008301,79438.943025,1931,f11379890ba8c8bc
716,critical,44,0.2,3,0.1,1,1,1000,2000,remnant,0,4,2,1499,403,158,0.200000,0.189081,-0.010919,79047.080683,1930,0151bf04de666b6f
717,critical,42,0.2,3,0.1,2,1,1000,2000,remnant,0,7,3,1535,659,162,0.200000,0.213552,0.013552,85855.097011,2007,b649e7f05661336f
718,critical,43,0.2,3,0.1,2,1,1000,2000,extinct,8986,0,0,1558,659,149,0.200000,0.000000,-0.200000,80301.268789,2007,1b7cff5c7d7c0ce8
719,critical,44,0.2,3,0.1,2,1,1000,2000,remnant,0,6,4,1503,668,181,0.200000,0.194679,-0.005321,82969.448097,1998,154ced61467a444a
720,critical,42,0.2,3,0.1,5,1,1000,2000,remnant,0,5,4,1573,1540,279,0.200000,0.213017,0.013017,91429.284896,2126,03b7d4c2d653f4d7
721,critical,43,0.2,3,0.1,5,1,1000,2000,remnant,0,18,17,1568,1513,240,0.200000,0.206186,0.006186,93590.014061,2153,b8a54023a25a3191
722,critical,44,0.2,3,0.1,5,1,1000,2000,remnant,0,18,14,1562,1498,220,0.200000,0.204859,0.004859,92974.137569,2168,eea455fc16e26aa6
723,critical,42,0.2,3,0.1,10,1,1000,2000,remnant,0,39,29,1652,2000,326,0.200000,0.196670,-0.003330,112037.468495,2525,12aabce538e8bbb3
724,critical,43,0.2,3,0.1,10,1,1000,2000,remnant,0,32,26,1649,2000,278,0.200000,0.201314,0.001314,105924.985258,2516,7757f8796035d1d4
725,critical,44,0.2,3,0.1,10,1,1000,2000,sustained,0,60,46,1633,2000,303,0.200000,0.198213,-0.001787,115518.586706,2533,05f975a69aa13400
726,critical,42,0.2,3,0.1,25,1,1000,2000,sustained,0,1055,200,1838,700,498,0.200000,0.204351,0.004351,299937.187115,9633,09da33b941f81a74
727,critical,43,0.2,3,0.1,25,1,1000,2000,sustained,0,1226,219,1859,2000,459,0.200000,0.212285,0.012285,261368.634483,7422,3ee64c18994ee64c
728,critical,44,0.2,3,0.1,25,1,1000,2000,sustained,0,398,255,1834,464,353,0.200000,0.200848,0.000848,304016.803274,9869,90bf9cb6f83d7314
729,critical,42,0.2,3,0.1,50,1,1000,2000,sustained,0,1039,661,2021,549,544,0.200000,0.198894,-0.001106,481616.616303,18117,ee8563224fe088bc
730,critical,43,0.2,3,0.1,50,1,1000,2000,sustained,0,1047,685,2223,557,545,0.200000,0.198092,-0.001908,475562.963869,18109,d8f9fd6392b18a44
731,critical,44,0.2,3,0.1,50,1,1000,2000,sustained,0,1196,711,2141,631,538,0.200000,0.200719,0.000719,472424.178406,18035,bee57fa086fa9259
732,critical,42,0.25,3,0.1,0,1,1000,2000,resource-collapse,0,2,1,1533,123,123,0.250000,0.280886,0.030886,60247.798063,1877,7483555eabebbe0a
733,critical,43,0.25,3,0.1,0,1,1000,2000,extinct,6639,0,0,1562,71,71,0.250000,0.000000,-0.250000,60378.391021,1929,b9b525c173abc0ad
734,critical,44,0.25,3,0.1,0,1,1000,2000,extinct,6674,0,0,1489,123,123,0.250000,0.000000,-0.250000,57547.517719,1877,19d393487e09325d
735,critical,42,0.25,3,0.1,1,1,1000,2000,remnant,0,7,4,1558,408,173,0.250000,0.246503,-0.003497,63641.910590,1925,1928d56859b13ef0
736,critical,43,0.25,3,0.1,1,1,1000,2000,remnant,0,2,1,1556,380,126,0.250000,0.234701,-0.015299,62418.231864,1953,92c7ef614849176b
737,critical,44,0.25,3,0.1,1,1,1000,2000,extinct,6728,0,0,1488,417,157,0.250000,0.000000,-0.250000,58602.793968,1916,8dccf2dc8a7c927a
738,critical,42,0.25,3,0.1,2,1,1000,2000,remnant,0,1,1,1545,711,185,0.250000,0.250000,0.000000,61722.097452,1955,0c2eff0de149130d
739,critical,43,0.25,3,0.1,2,1,1000,2000,extinct,16010,0,0,1577,698,170,0.250000,0.000000,-0.250000,62091.560254,1968,58aaabbb0e9586ef
740,critical,44,0.25,3,0.1,2,1,1000,2000,remnant,0,3,1,1502,688,153,0.250000,0.236072,-0.013928,60765.135487,1978,9e64c48d0f9adf9d
741,critical,42,0.25,3,0.1,5,1,1000,2000,remnant,0,1,1,1551,1555,217,0.250000,0.250000,0.000000,66885.746290,2111,de8f61788d9593b3
742,critical,43,0.25,3,0.1,5,1,1000,2000,remnant,0,1,1,1584,1520,176,0.250000,0.250000,0.000000,66065.419892,2146,4ef399eea506f92c
743,critical,44,0.25,3,0.1,5,1,1000,2000,remnant,0,1,1,1528,1587,245,0.250000,0.250000,0.000000,63675.153482,2079,7dac2cac433a6f67
744,critical,42,0.25,3,0.1,10,1,1000,2000,remnant,0,28,19,1576,2000,300,0.250000,0.243450,-0.006550,80172.655615,2355,d2b09d999cb17991
745,critical,43,0.25,3,0.1,10,1,1000,2000,sustained,0,96,34,1604,2000,293,0.250000,0.256734,0.006734,91155.438353,2848,548f576c0d614cd0
746,critical,44,0.25,3,0.1,10,1,1000,2000,sustained,0,81,39,1542,2000,329,0.250000,0.246965,-0.003035,89825.651741,2648,babd55c4ab9f487b
747,critical,42,0.25,3,0.1,25,1,1000,2000,sustained,0,417,208,1675,925,406,0.250000,0.247862,-0.002138,246365.822009,9408,53c59efa62530cf2
748,critical,43,0.25,3,0.1,25,1,1000,2000,sustained,0,459,252,1693,732,444,0.250000,0.249538,-0.000462,250009.117344,9601,05935ad81a2d2bfd
749,critical,44,0.25,3,0.1,25,1,1000,2000,sustained,0,452,183,1631,786,411,0.250000,0.250095,0.000095,249744.406910,9547,777b65aa7d211053
750,critical,42,0.25,3,0.1,50,1,1000,2000,sustained,0,865,692,1892,611,561,0.250000,0.250857,0.000857,425393.266023,18055,6bcaa7487ffb52dc
751,critical,43,0.25,3,0.1,50,1,1000,2000,sustained,0,817,731,1905,602,477,0.250000,0.249448,-0.000552,424978.608082,18064,906d2886c379a4ad
752,critical,44,0.25,3,0.1,50,1,1000,2000,sustained,0,840,716,1835,657,453,0.250000,0.250162,0.000162,422474.700944,18009,c693fd708681f116
753,critical,42,0.35,3,0.1,0,1,1000,2000,extinct,5290,0,0,1630,95,95,0.350000,0.000000,-0.350000,50536.113698,1905,17356d665ab30f09
754,critical,43,0.35,3,0.1,0,1,1000,2000,extinct,5183,0,0,1632,81,81,0.350000,0.000000,-0.350000,50828.960003,1919,dcce024c9fcfee01
755,critical,44,0.35,3,0.1,0,1,1000,2000,extinct,7351,0,0,1575,88,88,0.350000,0.000000,-0.350000,50821.440162,1912,3289b4da5925d8d0
756,critical,42,0.35,3,0.1,1,1,1000,2000,extinct,6177,0,0,1626,414,147,0.350000,0.000000,-0.350000,50884.906408,1919,aed8e30d2b0158ac
757,critical,43,0.35,3,0.1,1,1,1000,2000,extinct,5674,0,0,1627,379,104,0.350000,0.000000,-0.350000,51572.938959,1954,12058c85b2315502
758,critical,44,0.35,3,0.1,1,1,1000,2000,extinct,9836,0,0,1571,426,162,0.350000,0.000000,-0.350000,50592.897425,1907,6099bab4ab5fb713
759,critical,42,0.35,3,0.1,2,1,1000,2000,extinct,6426,0,0,1607,670,137,0.350000,0.000000,-0.350000,52637.843502,1996,b9022b2e66a5981f
760,critical,43,0.35,3,0.1,2,1,1000,2000,extinct,5319,0,0,1640,694,140,0.350000,0.000000,-0.350000,51893.136758,1972,29e930f6a9ae7454
761,critical,44,0.35,3,0.1,2,1,1000,2000,extinct,6638,0,0,1559,715,169,0.350000,0.000000,-0.350000,51626.740932,1951,ae243bd90b01947f
762,critical,42,0.35,3,0.1,5,1,1000,2000,extinct,9913,0,0,1617,1564,180,0.350000,0.000000,-0.350000,55022.007596,2102,60fe849d9365eedb
763,critical,43,0.35,3,0.1,5,1,1000,2000,extinct,6985,0,0,1648,1555,164,0.350000,0.000000,-0.350000,55033.070349,2111,81e26e182eeba239
764,critical,44,0.35,3,0.1,5,1,1000,2000,extinct,19852,0,0,1591,1528,197,0.350000,0.000000,-0.350000,56646.252661,2138,07bc95f1c7c477ed
765,critical,42,0.35,3,0.1,10,1,1000,2000,sustained,0,320,23,1646,1563,271,0.350000,0.375359,0.025359,98064.004200,3770,0cf0c5a1b0d1edb2
766,critical,43,0.35,3,0.1,10,1,1000,2000,sustained,0,553,15,1644,1202,264,0.350000,0.401527,0.051527,105472.351012,4131,b13fb8453888fd18
767,critical,44,0.35,3,0.1,10,1,1000,2000,sustained,0,147,23,1579,2000,298,0.350000,0.366425,0.016425,78919.935160,2955,1596f2a32341d003
768,critical,42,0.35,3,0.1,25,1,1000,2000,sustained,0,508,162,1688,614,424,0.350000,0.353433,0.003433,230707.870345,9719,f45b70c57e6ca15e
769,critical,43,0.35,3,0.1,25,1,1000,2000,sustained,0,509,194,1666,652,419,0.350000,0.354877,0.004877,230745.544288,9681,ab71e40c2475f103
770,critical,44,0.35,3,0.1,25,1,1000,2000,sustained,0,424,231,1647,605,447,0.350000,0.351436,0.001436,230100.844270,9728,9427c81aa0d11651
771,critical,42,0.35,3,0.1,50,1,1000,2000,sustained,0,822,638,1757,532,423,0.350000,0.349110,-0.000890,397855.777111,18134,6c79e21aeb8ce9ed
772,critical,43,0.35,3,0.1,50,1,1000,2000,sustained,0,883,672,1744,505,443,0.350000,0.350173,0.000173,399797.026136,18161,3c58d5bde87c1adb
773,critical,44,0.35,3,0.1,50,1,1000,2000,sustained,0,855,636,1737,499,494,0.350000,0.348704,-0.001296,398708.192841,18167,6f725f9417313eb0
774,critical,42,0.5,3,0.1,0,1,1000,2000,extinct,7562,0,0,1647,79,79,0.500000,0.000000,-0.500000,47750.842136,1921,858eae65b729e61d
775,critical,43,0.5,3,0.1,0,1,1000,2000,extinct,6768,0,0,1662,133,133,0.500000,0.000000,-0.500000,46545.782301,1867,39542207df9911bf
776,critical,44,0.5,3,0.1,0,1,1000,2000,extinct,6675,0,0,1611,117,117,0.500000,0.000000,-0.500000,46843.086355,1883,a49624621b511991
777,critical,42,0.5,3,0.1,1,1,1000,2000,extinct,8275,0,0,1636,390,130,0.500000,0.000000,-0.500000,48274.880294,1943,fd59207667291574
778,critical,43,0.5,3,0.1,1,1,1000,2000,extinct,8006,0,0,1662,411,147,0.500000,0.000000,-0.500000,47775.010491,1922,b54d452f82fb89e7
779,critical,44,0.5,3,0.1,1,1,1000,2000,extinct,7136,0,0,1609,415,141,0.500000,0.000000,-0.500000,47578.549265,1918,07662ccc4ad0beb4
780,critical,42,0.5,3,0.1,2,1,1000,2000,extinct,7256,0,0,1646,702,158,0.500000,0.000000,-0.500000,48535.121779,1964,0c739b9c3bc34d81
781,critical,43,0.5,3,0.1,2,1,1000,2000,extinct,6194,0,0,1667,691,146,0.500000,0.000000,-0.500000,48937.117210,1975,8f177912a1900f07
782,critical,44,0.5,3,0.1,2,1,1000,2000,extinct,8767,0,0,1620,731,189,0.500000,0.000000,-0.500000,47970.299684,1935,019fbebf5077762b
783,critical,42,0.5,3,0.1,5,1,1000,2000,extinct,5606,0,0,1648,1575,179,0.500000,0.000000,-0.500000,51266.865440,2091,8a3c53e52ddd411d
784,critical,43,0.5,3,0.1,5,1,1000,2000,extinct,8161,0,0,1666,1574,182,0.500000,0.000000,-0.500000,51373.489233,2092,64b0f9db1df4e76c
785,critical,44,0.5,3,0.1,5,1,1000,2000,extinct,12421,0,0,1618,1621,218,0.500000,0.000000,-0.500000,50417.295890,2045,5fd6dcb0a4e55d9d
786,critical,42,0.5,3,0.1,10,1,1000,2000,sustained,0,399,23,1657,1147,245,0.500000,0.521718,0.021718,101045.498995,4186,4846dda45247fcf9
787,critical,43,0.5,3,0.1,10,1,1000,2000,sustained,0,249,26,1690,1700,275,0.500000,0.490025,-0.009975,88516.574132,3633,06f4164463192d5c
788,critical,44,0.5,3,0.1,10,1,1000,2000,remnant,0,46,17,1632,2000,289,0.500000,0.499089,-0.000911,66385.804547,2715,04cb66796025351f
789,critical,42,0.5,3,0.1,25,1,1000,2000,sustained,0,468,227,1704,602,405,0.500000,0.502606,0.002606,222712.548952,9731,3bb77a33b23b8e30
790,critical,43,0.5,3,0.1,25,1,1000,2000,sustained,0,392,231,1703,613,428,0.500000,0.502584,0.002584,222595.250702,9720,35858814bbb86b80
791,critical,44,0.5,3,0.1,25,1,1000,2000,sustained,0,512,176,1658,650,420,0.500000,0.502173,0.002173,221326.894979,9683,fddaff18fd9ff5d5
792,critical,42,0.5,3,0.1,50,1,1000,2000,sustained,0,796,735,1752,480,463,0.500000,0.499856,-0.000144,389621.329842,18186,cce6e591e5432f82
793,critical,43,0.5,3,0.1,50,1,1000,2000,sustained,0,819,704,1759,454,409,0.500000,0.499311,-0.000689,389815.147350,18212,1cf6f312763e89e1
794,critical,44,0.5,3,0.1,50,1,1000,2000,sustained,0,839,666,1743,467,445,0.500000,0.500906,0.000906,392427.232612,18199,b5a607ec95b51c26
795,critical,42,0.75,3,0.1,0,1,1000,2000,extinct,6110,0,0,1745,96,96,0.750000,0.000000,-0.750000,45058.129701,1904,a410c5b3d3a0e77e
796,critical,43,0.75,3,0.1,0,1,1000,2000,extinct,5338,0,0,1718,116,116,0.750000,0.000000,-0.750000,44628.199412,1884,03166499c9978dbb
797,critical,44,0.75,3,0.1,0,1,1000,2000,extinct,5330,0,0,1672,107,107,0.750000,0.000000,-0.750000,44795.564994,1893,42ccb6a716292c10
798,critical,42,0.75,3,0.1,1,1,1000,2000,extinct,5248,0,0,1748,415,140,0.750000,0.000000,-0.750000,45308.426957,1918,5dae4a808be7955e
799,critical,43,0.75,3,0.1,1,1,1000,2000,extinct,6459,0,0,1717,417,151,0.750000,0.000000,-0.750000,45269.597889,1916,87a5fb4fdd7a304d
800,critical,44,0.75,3,0.1,1,1,1000,2000,extinct,6342,0,0,1673,418,147,0.750000,0.000000,-0.750000,45278.377390,1915,a6c5883fd1b19100
801,critical,42,0.75,3,0.1,2,1,1000,2000,extinct,6317,0,0,1745,717,156,0.750000,0.000000,-0.750000,45997.723991,1949,78e1447f69ca7a41
802,critical,43,0.75,3,0.1,2,1,1000,2000,extinct,6681,0,0,1709,700,144,0.750000,0.000000,-0.750000,46370.605764,1966,025ae311f926c96b
803,critical,44,0.75,3,0.1,2,1,1000,2000,extinct,5703,0,0,1673,701,144,0.750000,0.000000,-0.750000,46423.682749,1965,9258ed952e8b4fdd
804,critical,42,0.75,3,0.1,5,1,1000,2000,remnant,0,17,1,1757,1529,216,0.750000,0.678030,-0.071970,50169.770119,2137,500198e4e39c45dc
805,critical,43,0.75,3,0.1,5,1,1000,2000,extinct,8874,0,0,1725,1625,214,0.750000,0.000000,-0.750000,47987.629352,2041,5009476067598f47
806,critical,44,0.75,3,0.1,5,1,1000,2000,extinct,6770,0,0,1676,1572,175,0.750000,0.000000,-0.750000,49063.801501,2094,8cab86d86406f4a9
807,critical,42,0.75,3,0.1,10,1,1000,2000,sustained,0,260,13,1752,2000,252,0.750000,0.751593,0.001593,73836.603398,3164,dc582e8fcc057160
808,critical,43,0.75,3,0.1,10,1,1000,2000,sustained,0,198,15,1723,847,272,0.750000,0.752949,0.002949,104575.453353,4486,4279c9236ca3387c
809,critical,44,0.75,3,0.1,10,1,1000,2000,sustained,0,138,4,1686,2000,306,0.750000,0.749181,-0.000819,64140.908515,2746,697c9e1e224fe328
810,critical,42,0.75,3,0.1,25,1,1000,2000,sustained,0,447,240,1778,563,383,0.750000,0.745081,-0.004919,219955.948888,9770,f6068f81e0ffab87
811,critical,43,0.75,3,0.1,25,1,1000,2000,sustained,0,381,192,1757,610,411,0.750000,0.749684,-0.000316,218169.034209,9723,366ef0085f97166b
812,critical,44,0.75,3,0.1,25,1,1000,2000,sustained,0,474,182,1703,601,463,0.750000,0.754499,0.004499,219904.080508,9732,57caa8199875202b
813,critical,42,0.75,3,0.1,50,1,1000,2000,sustained,0,843,661,1820,448,426,0.750000,0.748561,-0.001439,388926.961178,18218,09f2b8ae68e8bc1e
814,critical,43,0.75,3,0.1,50,1,1000,2000,sustained,0,778,715,1792,465,386,0.750000,0.749622,-0.000378,385871.870924,18201,7dfcd4de290a7a9b
815,critical,44,0.75,3,0.1,50,1,1000,2000,sustained,0,884,684,1765,532,436,0.750000,0.749596,-0.000404,387043.055335,18134,fba831c3c185979c
816,critical,42,1,3,0.1,0,1,1000,2000,extinct,4445,0,0,1786,117,117,1.000000,0.000000,-1.000000,46803.179576,1883,1ad6ebc39f6def52
817,critical,43,1,3,0.1,0,1,1000,2000,extinct,4980,0,0,1772,89,89,1.000000,0.000000,-1.000000,47494.624619,1911,2d63a47c75fa8750
818,critical,44,1,3,0.1,0,1,1000,2000,extinct,5316,0,0,1744,131,131,1.000000,0.000000,-1.000000,46483.533748,1869,b04277d924ef9857
819,critical,42,1,3,0.1,1,1,1000,2000,extinct,5932,0,0,1789,416,139,1.000000,0.000000,-1.000000,47609.317472,1917,0375e1d65cb3800e
820,critical,43,1,3,0.1,1,1,1000,2000,extinct,5185,0,0,1773,411,126,1.000000,0.000000,-1.000000,47649.940955,1922,b5f80e7a7bd98cef
821,critical,44,1,3,0.1,1,1,1000,2000,extinct,8223,0,0,1746,416,160,1.000000,0.000000,-1.000000,47612.918502,1917,7a284bb47fd2b546
822,critical,42,1,3,0.1,2,1,1000,2000,extinct,6645,0,0,1789,722,164,1.000000,0.000000,-1.000000,48207.159851,1944,8f39fdb44872aedd
823,critical,43,1,3,0.1,2,1,1000,2000,extinct,6346,0,0,1770,693,135,1.000000,0.000000,-1.000000,48913.974144,1973,348828fc4b14a4d0
824,critical,44,1,3,0.1,2,1,1000,2000,extinct,7935,0,0,1744,727,190,1.000000,0.000000,-1.000000,48069.345189,1939,178651c7abe44c49
825,critical,42,1,3,0.1,5,1,1000,2000,extinct,7495,0,0,1797,1638,219,1.000000,0.000000,-1.000000,50087.041972,2028,1e0491f83682a819
826,critical,43,1,3,0.1,5,1,1000,2000,extinct,6544,0,0,1785,1617,187,1.000000,0.000000,-1.000000,50478.762191,2049,2ae31ac8ab0555a3
827,critical,44,1,3,0.1,5,1,1000,2000,extinct,9902,0,0,1757,1626,238,1.000000,0.000000,-1.000000,50295.530737,2040,ecaa631962147711
828,critical,42,1,3,0.1,10,1,1000,2000,sustained,0,239,10,1801,1671,260,1.000000,0.953974,-0.046026,89189.319883,3662,a723d2f227b21f84
829,critical,43,1,3,0.1,10,1,1000,2000,sustained,0,198,14,1788,1426,248,1.000000,0.947920,-0.052080,94882.577451,3907,255ab4ba16159c7e
830,critical,44,1,3,0.1,10,1,1000,2000,remnant,0,19,4,1768,2000,288,1.000000,0.988055,-0.011945,60753.398535,2486,a222acee2df365d9
831,critical,42,1,3,0.1,25,1,1000,2000,sustained,0,484,257,1826,673,411,1.000000,0.987763,-0.012237,226845.186310,9660,915e82446288b346
832,critical,43,1,3,0.1,25,1,1000,2000,sustained,0,420,260,1819,612,402,1.000000,0.990619,-0.009381,228221.906821,9721,f61f5cbc85f814c7
833,critical,44,1,3,0.1,25,1,1000,2000,sustained,0,434,215,1805,525,424,1.000000,0.988899,-0.011101,231274.807452,9808,8db3941d766740c0
834,critical,42,1,3,0.1,50,1,1000,2000,sustained,0,883,760,1877,474,394,1.000000,0.997192,-0.002808,407332.879857,18192,4f99939be10af515
835,critical,43,1,3,0.1,50,1,1000,2000,sustained,0,869,763,1887,436,412,1.000000,0.997295,-0.002705,406745.849465,18230,545da4dcd95141ff
836,critical,44,1,3,0.1,50,1,1000,2000,sustained,0,850,742,1842,428,377,1.000000,0.997287,-0.002713,409542.650659,18238,e3121f3792f798d9
837,dispersal,42,0.1,3,0.1,2,1,1000,2000,sustained,0,568,561,1376,2000,2000,0.100000,0.099895,-0.000105,328643.425257,0,e3ace46c2fd6d748
838,dispersal,43,0.1,3,0.1,2,1,1000,2000,sustained,0,627,616,1422,2000,2000,0.100000,0.099858,-0.000142,348295.776816,0,9488fed68ccc7273
839,dispersal,44,0.1,3,0.1,2,1,1000,2000,sustained,0,575,546,1384,2000,2000,0.100000,0.100525,0.000525,330898.756615,0,26dc581a44450887
840,dispersal,42,0.1,3,0.1,10,1,1000,2000,sustained,0,568,561,1376,2000,2000,0.100000,0.099895,-0.000105,328643.425257,0,6864540cc8a32293
841,dispersal,43,0.1,3,0.1,10,1,1000,2000,sustained,0,627,616,1422,2000,2000,0.100000,0.099858,-0.000142,348295.776816,0,72687537788f41b0
842,dispersal,44,0.1,3,0.1,10,1,1000,2000,sustained,0,575,546,1384,2000,2000,0.100000,0.100525,0.000525,330898.756615,0,3a55461c5c36ecbc
843,dispersal,42,0.1,3,0.1,2,2,4000,8000,sustained,0,2062,2055,5338,8000,8000,0.100000,0.100027,0.000027,1254271.321130,4,17f997eab530af1f
844,dispersal,43,0.1,3,0.1,2,2,4000,8000,sustained,0,2278,2265,5352,8000,8000,0.100000,0.099871,-0.000129,1289668.243977,4,7767e91a33ebfd6f
845,dispersal,44,0.1,3,0.1,2,2,4000,8000,sustained,0,2284,2284,5459,8000,8000,0.100000,0.100000,0.000000,1328433.030646,2,adb8671b96ad360c
846,dispersal,42,0.1,3,0.1,10,2,4000,8000,sustained,0,2062,2055,5338,8000,8000,0.100000,0.100027,0.000027,1254271.321130,4,49efc0ea6637b0e0
847,dispersal,43,0.1,3,0.1,10,2,4000,8000,sustained,0,2278,2265,5352,8000,8000,0.100000,0.099871,-0.000129,1289668.243977,4,16b64ca980a54370
848,dispersal,44,0.1,3,0.1,10,2,4000,8000,sustained,0,2284,2284,5459,8000,8000,0.100000,0.100000,0.000000,1328433.030646,2,48391fd7ab0cda39
849,dispersal,42,0.1,3,0.1,2,4,16000,32000,sustained,0,8770,8763,21791,32000,32000,0.100000,0.099984,-0.000016,5183517.858912,11,ce6961ed6b7eb3ed
850,dispersal,43,0.1,3,0.1,2,4,16000,32000,sustained,0,8968,8946,21986,32000,32000,0.100000,0.100019,0.000019,5255846.542737,10,5139829afb9cb77a
851,dispersal,44,0.1,3,0.1,2,4,16000,32000,sustained,0,8827,8798,21803,32000,32000,0.100000,0.100011,0.000011,5183609.342508,11,26ccdb26273225ef
852,dispersal,42,0.1,3,0.1,10,4,16000,32000,sustained,0,8770,8763,21791,32000,32000,0.100000,0.099984,-0.000016,5183517.858912,11,6d9c875caeb9c275
853,dispersal,43,0.1,3,0.1,10,4,16000,32000,sustained,0,8968,8946,21986,32000,32000,0.100000,0.100019,0.000019,5255846.542737,10,c7ed7549ff97f644
854,dispersal,44,0.1,3,0.1,10,4,16000,32000,sustained,0,8827,8798,21803,32000,32000,0.100000,0.100011,0.000011,5183609.342508,11,f8eee3515c9557b2
855,dispersal,42,0.15,3,0.1,2,1,1000,2000,sustained,0,434,434,1439,2000,2000,0.150000,0.150000,-0.000000,327536.315700,534,b80b27f20508dd46
856,dispersal,43,0.15,3,0.1,2,1,1000,2000,sustained,0,468,465,1501,1962,1906,0.150000,0.150047,0.000047,330637.188359,704,7dc8d80f6781b24b
857,dispersal,44,0.15,3,0.1,2,1,1000,2000,sustained,0,433,433,1473,1949,1949,0.150000,0.150000,-0.000000,338002.137850,717,de9b98b10d5cabd2
858,dispersal,42,0.15,3,0.1,10,1,1000,2000,sustained,0,434,434,1439,2000,2000,0.150000,0.150000,-0.000000,327536.315700,534,f14459f80d73c924
859,dispersal,43,0.15,3,0.1,10,1,1000,2000,sustained,0,481,473,1501,2000,2000,0.150000,0.150041,0.000041,333328.465693,606,eb5e2b00db71c7cb
860,dispersal,44,0.15,3,0.1,10,1,1000,2000,sustained,0,445,445,1473,2000,2000,0.150000,0.150000,-0.000000,338540.429042,681,a29a8d18ed81e25f
861,dispersal,42,0.15,3,0.1,2,2,4000,8000,sustained,0,1712,1687,5577,7563,7215,0.150000,0.149879,-0.000121,1209106.639877,3103,be36e63614f86868
862,dispersal,43,0.15,3,0.1,2,2,4000,8000,remnant,0,86,80,5769,2387,1974,0.150000,0.151508,0.001508,937331.794974,8279,68fa6104ee893742
863,dispersal,44,0.15,3,0.1,2,2,4000,8000,remnant,0,54,47,5853,2748,1855,0.150000,0.145649,-0.004351,713241.705091,7918,e52db14d7ff95804
864,dispersal,42,0.15,3,0.1,10,2,4000,8000,sustained,0,1704,1676,5659,8000,8000,0.150000,0.150124,0.000124,1201911.862587,4854,5af5d19b31f96d90
865,dispersal,43,0.15,3,0.1,10,2,4000,8000,sustained,0,1773,1770,5813,8000,8000,0.150000,0.149996,-0.000004,1235085.343296,6100,d08e72039f71cf99
866,dispersal,44,0.15,3,0.1,10,2,4000,8000,sustained,0,1569,1555,5869,8000,8000,0.150000,0.150033,0.000033,1192472.345965,5346,5a58f73657f3b5b2
867,dispersal,42,0.15,3,0.1,2,4,16000,32000,sustained,0,6361,6333,23466,30523,26921,0.150000,0.150016,0.000016,4775746.426263,12143,a532c0c6a32f254f
868,dispersal,43,0.15,3,0.1,2,4,16000,32000,sustained,0,5995,5957,23766,29432,25688,0.150000,0.150014,0.000014,4616881.469923,13234,278527f766b51637
869,dispersal,44,0.15,3,0.1,2,4,16000,32000,sustained,0,6248,6242,23517,30064,26874,0.150000,0.150015,0.000015,4747009.676492,12602,4386582614e15bd5
870,dispersal,42,0.15,3,0.1,10,4,16000,32000,sustained,0,7054,7043,23413,32000,32000,0.150000,0.150014,0.000014,5067389.538152,12624,6e3057980afef035
871,dispersal,43,0.15,3,0.1,10,4,16000,32000,sustained,0,7161,7161,23914,32000,32000,0.150000,0.150008,0.000008,5133713.959278,13547,cc975294b057d166
872,dispersal,44,0.15,3,0.1,10,4,16000,32000,sustained,0,7255,7225,23662,32000,32000,0.150000,0.150038,0.000038,5086388.480743,13327,3f147c5d174b15cb
873,dispersal,42,0.25,3,0.1,2,1,1000,2000,remnant,0,1,1,1545,711,185,0.250000,0.250000,0.000000,61722.097452,1955,0c2eff0de149130d
874,dispersal,43,0.25,3,0.1,2,1,1000,2000,extinct,16010,0,0,1577,698,170,0.250000,0.000000,-0.250000,62091.560254,1968,58aaabbb0e9586ef
875,dispersal,44,0.25,3,0.1,2,1,1000,2000,remnant,0,3,1,1502,688,153,0.250000,0.236072,-0.013928,60765.135487,1978,9e64c48d0f9adf9d
876,dispersal,42,0.25,3,0.1,10,1,1000,2000,remnant,0,28,19,1576,2000,300,0.250000,0.243450,-0.006550,80172.655615,2355,d2b09d999cb17991
877,dispersal,43,0.25,3,0.1,10,1,1000,2000,sustained,0,96,34,1604,2000,293,0.250000,0.256734,0.006734,91155.438353,2848,548f576c0d614cd0
878,dispersal,44,0.25,3,0.1,10,1,1000,2000,sustained,0,81,39,1542,2000,329,0.250000,0.246965,-0.003035,89825.651741,2648,babd55c4ab9f487b
879,dispersal,42,0.25,3,0.1,2,2,4000,8000,remnant,0,3,1,6244,2816,658,0.250000,0.361165,0.111165,220787.050680,7850,6b877cbd31fe5189
880,dispersal,43,0.25,3,0.1,2,2,4000,8000,remnant,0,4,3,6274,2828,663,0.250000,0.258346,0.008346,222328.422960,7838,ab487ef6edf49942
881,dispersal,44,0.25,3,0.1,2,2,4000,8000,remnant,0,3,2,6273,2835,685,0.250000,0.239523,-0.010477,222167.164528,7831,23ca7a60f74231a8
882,dispersal,42,0.25,3,0.1,10,2,4000,8000,sustained,0,325,74,6354,8000,1033,0.250000,0.249862,-0.000138,306234.494313,10953,ab54bdb695ef9576
883,dispersal,43,0.25,3,0.1,10,2,4000,8000,remnant,0,153,70,6349,8000,1106,0.250000,0.242516,-0.007484,291422.943373,10337,8dde651b0389d32d
884,dispersal,44,0.25,3,0.1,10,2,4000,8000,sustained,0,551,69,6399,8000,1128,0.250000,0.264711,0.014711,313557.503887,11284,b8645c25d7918911
885,dispersal,42,0.25,3,0.1,2,4,16000,32000,remnant,0,4,3,25568,11224,2607,0.250000,0.258521,0.008521,864763.718461,31442,ba78f5cd424db880
886,dispersal,43,0.25,3,0.1,2,4,16000,32000,remnant,0,1,1,25655,11472,2861,0.250000,0.250000,0.000000,858177.791051,31194,332d1e54b7feac40
887,dispersal,44,0.25,3,0.1,2,4,16000,32000,remnant,0,2,2,25468,11238,2640,0.250000,0.250000,0.000000,862885.980097,31428,16a5d4d56839a999
888,dispersal,42,0.25,3,0.1,10,4,16000,32000,sustained,0,1692,218,26031,32000,4367,0.250000,0.255873,0.005873,1204115.409884,45876,452a371f8cc03813
889,dispersal,43,0.25,3,0.1,10,4,16000,32000,sustained,0,2034,257,26061,32000,4451,0.250000,0.252023,0.002023,1239850.218379,47417,060c9e8fbf7e50bc
890,dispersal,44,0.25,3,0.1,10,4,16000,32000,sustained,0,1882,320,25852,32000,4574,0.250000,0.253337,0.003337,1238655.602469,47419,f0084fd264fc655e
891,dispersal,42,0.5,3,0.1,2,1,1000,2000,extinct,7256,0,0,1646,702,158,0.500000,0.000000,-0.500000,48535.121779,1964,0c739b9c3bc34d81
892,dispersal,43,0.5,3,0.1,2,1,1000,2000,extinct,6194,0,0,1667,691,146,0.500000,0.000000,-0.500000,48937.117210,1975,8f177912a1900f07
893,dispersal,44,0.5,3,0.1,2,1,1000,2000,extinct,8767,0,0,1620,731,189,0.500000,0.000000,-0.500000,47970.299684,1935,019fbebf5077762b
894,dispersal,42,0.5,3,0.1,10,1,1000,2000,sustained,0,399,23,1657,1147,245,0.500000,0.521718,0.021718,101045.498995,4186,4846dda45247fcf9
895,dispersal,43,0.5,3,0.1,10,1,1000,2000,sustained,0,249,26,1690,1700,275,0.500000,0.490025,-0.009975,88516.574132,3633,06f4164463192d5c
896,dispersal,44,0.5,3,0.1,10,1,1000,2000,remnant,0,46,17,1632,2000,289,0.500000,0.499089,-0.000911,66385.804547,2715,04cb66796025351f
897,dispersal,42,0.5,3,0.1,2,2,4000,8000,extinct,8183,0,0,6710,2831,653,0.500000,0.000000,-0.500000,190022.430839,7835,b1bacc14c4bc465c
898,dispersal,43,0.5,3,0.1,2,2,4000,8000,extinct,6229,0,0,6671,2856,670,0.500000,0.000000,-0.500000,189723.165195,7810,c971c560fbe0ccde
899,dispersal,44,0.5,3,0.1,2,2,4000,8000,extinct,10042,0,0,6702,2775,663,0.500000,0.000000,-0.500000,192113.445371,7891,cfb5c8be8e1851fb
900,dispersal,42,0.5,3,0.1,10,2,4000,8000,sustained,0,813,62,6730,7176,1055,0.500000,0.502909,0.002909,335309.906744,14157,2ac91088e25b77d9
901,dispersal,43,0.5,3,0.1,10,2,4000,8000,sustained,0,644,61,6749,8000,1125,0.500000,0.503617,0.003617,294787.088932,12382,ce4ebe59737d15c2
902,dispersal,44,0.5,3,0.1,10,2,4000,8000,sustained,0,225,45,6731,8000,1166,0.500000,0.488305,-0.011695,260880.919257,10898,a8c6d943d058603e
903,dispersal,42,0.5,3,0.1,2,4,16000,32000,extinct,10164,0,0,27293,11393,2570,0.500000,0.000000,-0.500000,752766.841897,31273,cc853d3d43f1fc02
904,dispersal,43,0.5,3,0.1,2,4,16000,32000,extinct,9187,0,0,27239,11670,2833,0.500000,0.000000,-0.500000,746995.863116,30996,a481562e8e8a0cb9
905,dispersal,44,0.5,3,0.1,2,4,16000,32000,extinct,11984,0,0,27145,11458,2665,0.500000,0.000000,-0.500000,750557.395933,31208,5f2eb377a2931e0f
906,dispersal,42,0.5,3,0.1,10,4,16000,32000,sustained,0,3069,263,27473,31441,4360,0.500000,0.510149,0.010149,1264415.182425,53892,c652061e9e6904e6
907,dispersal,43,0.5,3,0.1,10,4,16000,32000,sustained,0,3833,328,27439,27441,4656,0.500000,0.501805,0.001805,1357786.063996,57892,039ae5df76127ea2
908,dispersal,44,0.5,3,0.1,10,4,16000,32000,sustained,0,3349,320,27227,27368,4632,0.500000,0.502655,0.002655,1358119.598382,57965,9a079f40bdc73d84
909,dispersal,42,0.85,3,0.1,2,1,1000,2000,extinct,8273,0,0,1780,729,166,0.850000,0.000000,-0.850000,47246.700844,1937,ffd3810b1ff3a387
910,dispersal,43,0.85,3,0.1,2,1,1000,2000,extinct,5457,0,0,1765,736,192,0.850000,0.000000,-0.850000,47158.904459,1930,885d0f5a2e52e75b
911,dispersal,44,0.85,3,0.1,2,1,1000,2000,extinct,8498,0,0,1731,745,186,0.850000,0.000000,-0.850000,47002.409154,1921,0133bf19b90eee72
912,dispersal,42,0.85,3,0.1,10,1,1000,2000,sustained,0,229,35,1788,1165,259,0.850000,0.873622,0.023622,100185.309487,4168,63254c79b0b3ddfe
913,dispersal,43,0.85,3,0.1,10,1,1000,2000,sustained,0,201,16,1771,1863,272,0.850000,0.849058,-0.000942,83465.242080,3470,56dfd37ca245f689
914,dispersal,44,0.85,3,0.1,10,1,1000,2000,remnant,0,43,5,1734,2000,283,0.850000,0.873245,0.023245,60031.804567,2499,15e13155a6a36d0e
915,dispersal,42,0.85,3,0.1,2,2,4000,8000,extinct,6026,0,0,7040,2892,656,0.850000,0.000000,-0.850000,189302.476290,7774,26fd418a7323e964
916,dispersal,43,0.85,3,0.1,2,2,4000,8000,extinct,7629,0,0,6987,2860,648,0.850000,0.000000,-0.850000,189988.001370,7806,c180a52b0b5e1f29
917,dispersal,44,0.85,3,0.1,2,2,4000,8000,extinct,7261,0,0,7066,2878,673,0.850000,0.000000,-0.850000,189845.379732,7788,ce253e8ede6b5e3a
918,dispersal,42,0.85,3,0.1,10,2,4000,8000,sustained,0,913,99,7055,6201,1075,0.850000,0.862754,0.012754,361334.831851,15132,c7c33b2ee39e9162
919,dispersal,43,0.85,3,0.1,10,2,4000,8000,sustained,0,491,52,7030,8000,1160,0.850000,0.859164,0.009164,291274.461083,12133,42432970294c532a
920,dispersal,44,0.85,3,0.1,10,2,4000,8000,sustained,0,363,45,7104,8000,1133,0.850000,0.853754,0.003754,276186.255093,11500,36c465cedea54fc1
921,dispersal,42,0.85,3,0.1,2,4,16000,32000,extinct,9584,0,0,28455,11385,2599,0.850000,0.000000,-0.850000,761304.123419,31281,e2a0669f58763aac
922,dispersal,43,0.85,3,0.1,2,4,16000,32000,extinct,7466,0,0,28440,11575,2676,0.850000,0.000000,-0.850000,756904.689389,31091,9814d425da6fffa8
923,dispersal,44,0.85,3,0.1,2,4,16000,32000,extinct,7704,0,0,28315,11569,2776,0.850000,0.000000,-0.850000,757314.155940,31097,a37f218023cd1195
924,dispersal,42,0.85,3,0.1,10,4,16000,32000,sustained,0,3650,299,28621,29769,4319,0.850000,0.854119,0.004119,1329452.353110,55564,64238bc77b72dcbf
925,dispersal,43,0.85,3,0.1,10,4,16000,32000,sustained,0,2641,241,28585,32000,4457,0.850000,0.852202,0.002202,1244212.273828,51955,45b6eba95ba2a8ef
926,dispersal,44,0.85,3,0.1,10,4,16000,32000,sustained,0,2943,285,28410,31534,4496,0.850000,0.857718,0.007718,1288025.188173,53799,d19e0bbe055fc698
927,dispersal,42,-1,3,0.1,2,1,1000,2000,extinct,7225,0,0,1718,713,159,0.538551,0.000000,-0.538551,48370.297456,1953,fe3fa513c9651565
928,dispersal,43,-1,3,0.1,2,1,1000,2000,extinct,5364,0,0,1728,707,151,0.516103,0.000000,-0.516103,48388.573323,1959,f562456e0d453768
929,dispersal,44,-1,3,0.1,2,1,1000,2000,extinct,5141,0,0,1682,727,171,0.521767,0.000000,-0.521767,47938.961194,1939,5e6ae54891467ca5
930,dispersal,42,-1,3,0.1,10,1,1000,2000,sustained,0,263,14,1726,2000,240,0.538551,0.734745,0.196193,79782.064110,3278,340378c414378df9
931,dispersal,43,-1,3,0.1,10,1,1000,2000,sustained,0,156,16,1741,1812,260,0.516103,0.700850,0.184747,85219.321633,3521,92b4820285b07755
932,dispersal,44,-1,3,0.1,10,1,1000,2000,sustained,0,295,32,1671,776,275,0.521767,0.733772,0.212005,110050.751245,4557,9be6b76d795a128f
933,dispersal,42,-1,3,0.1,2,2,4000,8000,extinct,7435,0,0,6870,2944,703,0.531317,0.000000,-0.531317,187963.989958,7722,55982550c4797b07
934,dispersal,43,-1,3,0.1,2,2,4000,8000,extinct,6858,0,0,6849,2897,695,0.519712,0.000000,-0.519712,189834.564284,7769,c5fa6be646e5c478
935,dispersal,44,-1,3,0.1,2,2,4000,8000,extinct,6941,0,0,6891,2833,648,0.520354,0.000000,-0.520354,191533.276862,7833,6f31cca9b65e6923
936,dispersal,42,-1,3,0.1,10,2,4000,8000,sustained,0,799,47,6931,8000,1038,0.531317,0.815553,0.284236,313887.174497,13065,fc72f006f3439a49
937,dispersal,43,-1,3,0.1,10,2,4000,8000,sustained,0,754,73,6866,6909,1118,0.519712,0.799173,0.279461,346061.048214,14424,3b72ec6cabff2768
938,dispersal,44,-1,3,0.1,10,2,4000,8000,sustained,0,789,62,6902,6601,1196,0.520354,0.780925,0.260570,353885.518694,14732,e3eab59795523293
939,dispersal,42,-1,3,0.1,2,4,16000,32000,extinct,10485,0,0,27837,11394,2545,0.525797,0.000000,-0.525797,758486.919094,31272,f1b5c0cff92b0d86
940,dispersal,43,-1,3,0.1,2,4,16000,32000,extinct,9906,0,0,27812,11472,2649,0.524531,0.000000,-0.524531,756885.462825,31194,7f3e27803248317a
941,dispersal,44,-1,3,0.1,2,4,16000,32000,extinct,8645,0,0,27574,11484,2675,0.524509,0.000000,-0.524509,756002.251779,31182,f4fef78784da5962
942,dispersal,42,-1,3,0.1,10,4,16000,32000,sustained,0,3341,291,28040,27926,4488,0.525797,0.734859,0.209062,1365725.438130,57407,3f3b1dba5a6c9539
943,dispersal,43,-1,3,0.1,10,4,16000,32000,sustained,0,2145,255,28017,32000,4457,0.524531,0.724766,0.200235,1235333.284149,51854,29636d1187b6a70d
944,dispersal,44,-1,3,0.1,10,4,16000,32000,sustained,0,3384,343,27672,27709,4571,0.524509,0.719403,0.194894,1370607.666322,57624,7385d3ec8f2960a1
